county_fips,CountyName,State,total_population,weighted_low_access,weighted_low_income_access
01001,Autauga,AL,4874.0,53.26,11.65
01003,Baldwin,AL,3724.0,44.2,10.3
01005,Barbour,AL,12959.0,21.93,6.24
01011,Bullock,AL,3523.0,61.96,20.86
01013,Butler,AL,1693.0,42.7,10.9
01015,Calhoun,AL,2777.0,50.5,14.6
01017,Chambers,AL,1455.0,59.3,11.9
01023,Choctaw,AL,3883.0,73.8,23.5
01025,Clarke,AL,9236.0,21.02,6.55
01033,Colbert,AL,3779.0,17.4,1.9
01035,Conecuh,AL,8505.0,25.13,7.36
01039,Covington,AL,1666.0,40.2,5.7
01041,Crenshaw,AL,5134.0,62.41,16.32
01045,Dale,AL,5085.0,34.99,7.71
01047,Dallas,AL,8761.0,62.16,24.82
01053,Escambia,AL,11059.0,18.63,5.4
01055,Etowah,AL,9266.0,49.61,11.38
01063,Greene,AL,5023.0,55.55,16.39
01073,Jefferson,AL,159340.0,67.96,19.93
01077,Lauderdale,AL,10836.0,26.86,6.01
01081,Lee,AL,24429.0,69.92,32.47
01083,Limestone,AL,5031.0,52.24,12.62
01085,Lowndes,AL,9884.0,23.91,5.82
01087,Macon,AL,10073.0,51.37,19.65
01089,Madison,AL,47731.0,62.79,15.14
01091,Marengo,AL,4684.0,56.43,17.14
01097,Mobile,AL,39448.0,71.91,26.83
01099,Monroe,AL,3716.0,94.57,26.64
01101,Montgomery,AL,46967.0,58.89,19.37
01103,Morgan,AL,8884.0,38.0,10.6
01105,Perry,AL,1334.0,35.1,7.2
01107,Pickens,AL,6156.0,8.8,2.1
01113,Russell,AL,12513.0,50.86,12.32
01119,Sumter,AL,1920.0,99.71,40.26
01125,Tuscaloosa,AL,11933.0,32.69,10.67
01131,Wilcox,AL,8044.0,71.27,29.6
04001,Apache,AZ,58500.0,67.33,30.12
04003,Cochise,AZ,51562.0,54.23,10.21
04005,Coconino,AZ,32525.0,59.04,19.24
04007,Gila,AZ,8852.0,81.25,32.0
04009,Graham,AZ,8485.0,61.23,27.94
04012,La Paz,AZ,11722.0,70.58,13.82
04013,Maricopa,AZ,226119.0,57.24,16.49
04015,Mohave,AZ,53670.0,58.31,11.74
04017,Navajo,AZ,35013.0,72.82,34.23
04019,Pima,AZ,108744.0,57.9,16.42
04021,Pinal,AZ,40823.0,39.01,5.63
04023,Santa Cruz,AZ,3645.0,16.3,4.3
04025,Yavapai,AZ,22414.0,66.53,9.28
04027,Yuma,AZ,38557.0,42.79,10.61
05003,Ashley,AR,4649.0,68.91,17.59
05007,Benton,AR,3490.0,15.7,3.3
05011,Bradley,AR,3465.0,23.7,7.6
05015,Carroll,AR,7189.0,13.1,2.0
05035,Crittenden,AR,7634.0,14.54,5.83
05039,Dallas,AR,5309.0,48.0,11.0
05041,Desha,AR,2122.0,73.6,20.1
05049,Fulton,AR,5779.0,22.9,3.8
05051,Garland,AR,5000.0,76.4,19.98
05057,Hempstead,AR,3093.0,44.5,9.7
05059,Hot Spring,AR,3302.0,17.4,4.1
05061,Howard,AR,4866.0,10.4,1.6
05069,Jefferson,AR,3440.0,19.7,3.1
05073,Lafayette,AR,3122.0,50.5,14.3
05075,Lawrence,AR,1992.0,26.4,5.9
05077,Lee,AR,7297.0,50.64,15.29
05079,Lincoln,AR,4443.0,66.5,10.5
05085,Lonoke,AR,1445.0,45.7,8.1
05087,Madison,AR,3271.0,59.3,12.9
05091,Miller,AR,3134.0,48.4,15.5
05093,Mississippi,AR,7589.0,33.3,12.7
05095,Monroe,AR,2960.0,34.5,9.3
05099,Nevada,AR,1794.0,66.9,13.2
05101,Newton,AR,4565.0,41.0,9.6
05103,Ouachita,AR,6713.0,21.6,5.05
05107,Phillips,AR,9639.0,64.21,20.44
05109,Pike,AR,2480.0,44.1,8.8
05111,Poinsett,AR,2808.0,84.4,29.1
05113,Polk,AR,7296.0,79.73,17.91
05115,Pope,AR,4381.0,13.9,3.0
05119,Pulaski,AR,48566.0,51.99,13.26
05123,St. Francis,AR,12012.0,60.72,21.65
05127,Scott,AR,6374.0,37.42,7.67
05129,Searcy,AR,4778.0,52.37,12.68
05131,Sebastian,AR,8109.0,33.86,9.35
05133,Sevier,AR,5792.0,15.7,4.0
05137,Stone,AR,11499.0,20.69,4.17
05139,Union,AR,9868.0,52.66,17.27
05141,Van Buren,AR,6945.0,23.97,4.62
05143,Washington,AR,15565.0,41.16,14.39
05145,White,AR,3494.0,17.8,3.1
05147,Woodruff,AR,5438.0,10.9,2.7
05149,Yell,AR,7922.0,22.22,3.78
06001,Alameda,CA,19160.0,84.64,14.5
06007,Butte,CA,30502.0,22.69,3.16
06011,Colusa,CA,7040.0,75.98,10.21
06013,Contra Costa,CA,61755.0,59.28,8.7
06015,Del Norte,CA,20915.0,62.53,12.74
06017,El Dorado,CA,5805.0,81.8,9.9
06019,Fresno,CA,73693.0,37.79,13.65
06021,Glenn,CA,23208.0,42.78,7.59
06023,Humboldt,CA,22760.0,37.77,8.34
06025,Imperial,CA,29217.0,63.0,12.14
06029,Kern,CA,57386.0,46.87,10.96
06031,Kings,CA,13528.0,28.98,7.41
06033,Lake,CA,12306.0,18.49,4.65
06035,Lassen,CA,8332.0,94.2,16.6
06037,Los Angeles,CA,137910.0,59.15,12.94
06039,Madera,CA,14707.0,43.77,13.41
06041,Marin,CA,26771.0,68.03,2.98
06043,Mariposa,CA,2265.0,39.1,8.2
06045,Mendocino,CA,7169.0,60.53,10.56
06047,Merced,CA,27127.0,53.37,10.94
06049,Modoc,CA,3266.0,69.44,14.42
06053,Monterey,CA,13699.0,95.97,23.97
06057,Nevada,CA,20041.0,22.61,2.38
06059,Orange,CA,56798.0,18.98,2.73
06061,Placer,CA,3034.0,59.3,12.3
06063,Plumas,CA,2929.0,21.3,2.8
06065,Riverside,CA,173059.0,52.72,9.49
06067,Sacramento,CA,100699.0,51.31,15.12
06071,San Bernardino,CA,324009.0,47.94,10.2
06073,San Diego,CA,142811.0,53.45,6.09
06075,San Francisco,CA,30022.0,92.75,15.15
06077,San Joaquin,CA,37454.0,42.76,10.7
06079,San Luis Obispo,CA,12927.0,36.5,3.19
06081,San Mateo,CA,42502.0,90.67,13.85
06083,Santa Barbara,CA,29032.0,77.86,21.64
06085,Santa Clara,CA,29766.0,76.72,9.43
06087,Santa Cruz,CA,27095.0,56.74,7.08
06089,Shasta,CA,48305.0,46.05,8.82
06093,Siskiyou,CA,8839.0,59.56,11.53
06095,Solano,CA,21910.0,60.63,8.37
06097,Sonoma,CA,7939.0,33.1,5.5
06099,Stanislaus,CA,33977.0,58.06,15.36
06101,Sutter,CA,10299.0,31.52,7.25
06103,Tehama,CA,25754.0,27.99,5.01
06105,Trinity,CA,10175.0,29.16,5.56
06107,Tulare,CA,75850.0,25.75,6.72
06109,Tuolumne,CA,7596.0,97.0,13.9
06111,Ventura,CA,47348.0,55.07,10.86
06113,Yolo,CA,12467.0,32.55,7.15
06115,Yuba,CA,9090.0,100.0,19.79
08001,Adams,CO,59872.0,61.6,5.79
08003,Alamosa,CO,6810.0,18.5,4.6
08005,Arapahoe,CO,12751.0,69.3,8.2
08007,Archuleta,CO,1123.0,67.6,8.1
08009,Baca,CO,2289.0,99.5,17.8
08011,Bent,CO,5998.0,16.0,3.1
08013,Boulder,CO,11124.0,31.53,3.89
08017,Cheyenne,CO,2231.0,33.6,4.4
08021,Conejos,CO,586.0,50.4,13.9
08023,Costilla,CO,3663.0,100.0,26.77
08025,Crowley,CO,5518.0,62.8,12.8
08027,Custer,CO,3503.0,31.4,4.0
08031,Denver,CO,82588.0,65.99,14.43
08039,Elbert,CO,1880.0,91.7,9.8
08041,El Paso,CO,69552.0,65.96,8.99
08043,Fremont,CO,10280.0,64.79,6.31
08053,Hinsdale,CO,790.0,100.0,7.2
08055,Huerfano,CO,3441.0,74.5,11.51
08059,Jefferson,CO,34260.0,32.81,4.23
08061,Kiowa,CO,1622.0,100.0,12.2
08063,Kit Carson,CO,8011.0,52.5,5.83
08069,Larimer,CO,8815.0,58.65,7.48
08071,Las Animas,CO,7225.0,46.18,7.56
08073,Lincoln,CO,2369.0,53.0,7.9
08075,Logan,CO,13385.0,50.07,5.78
08077,Mesa,CO,43536.0,63.84,7.48
08079,Mineral,CO,831.0,96.9,9.9
08081,Moffat,CO,849.0,100.0,16.5
08083,Montezuma,CO,7697.0,49.87,12.42
08085,Montrose,CO,11743.0,35.59,6.56
08087,Morgan,CO,5732.0,30.0,2.5
08089,Otero,CO,5437.0,17.0,4.0
08093,Park,CO,1828.0,87.5,12.1
08095,Phillips,CO,1519.0,92.7,9.3
08099,Prowers,CO,8433.0,48.71,10.19
08101,Pueblo,CO,29799.0,73.01,14.25
08105,Rio Grande,CO,5761.0,30.9,4.2
08109,Saguache,CO,5917.0,97.38,22.07
08111,San Juan,CO,558.0,99.4,20.8
08115,Sedgwick,CO,2747.0,19.1,2.1
08121,Washington,CO,2212.0,93.5,12.9
08123,Weld,CO,19292.0,36.4,6.72
08125,Yuma,CO,9841.0,25.34,3.13
09001,Fairfield,CT,40598.0,67.11,12.8
09003,Hartford,CT,60714.0,55.48,6.03
09005,Litchfield,CT,2426.0,22.0,2.7
09009,New Haven,CT,99993.0,43.24,5.51
09011,New London,CT,24211.0,56.61,6.47
09013,Tolland,CT,10776.0,67.36,8.64
09015,Windham,CT,5886.0,46.7,4.2
10001,Kent,DE,14046.0,72.38,8.05
10003,New Castle,DE,37594.0,79.05,17.7
10005,Sussex,DE,9259.0,77.0,4.6
11001,District of Columbia,DC,26679.0,86.25,19.62
12001,Alachua,FL,57345.0,44.76,18.71
12005,Bay,FL,22056.0,38.31,9.22
12009,Brevard,FL,70386.0,52.64,9.03
12011,Broward,FL,121001.0,52.75,9.44
12013,Calhoun,FL,3143.0,36.6,5.9
12015,Charlotte,FL,11419.0,37.31,6.53
12017,Citrus,FL,8317.0,27.3,3.1
12019,Clay,FL,4611.0,100.0,22.7
12021,Collier,FL,29461.0,56.76,12.26
12023,Columbia,FL,19281.0,21.09,3.66
12029,Dixie,FL,3675.0,23.9,3.7
12031,Duval,FL,98245.0,63.24,14.46
12033,Escambia,FL,58713.0,62.13,15.2
12043,Glades,FL,5669.0,10.9,1.8
12047,Hamilton,FL,5757.0,42.16,11.01
12049,Hardee,FL,7931.0,12.6,0.7
12051,Hendry,FL,11071.0,40.13,9.12
12053,Hernando,FL,45841.0,61.88,7.03
12055,Highlands,FL,22329.0,34.37,6.22
12057,Hillsborough,FL,129425.0,51.84,11.43
12059,Holmes,FL,5003.0,57.2,11.2
12061,Indian River,FL,5123.0,100.0,29.6
12067,Lafayette,FL,2181.0,40.5,6.7
12069,Lake,FL,22479.0,43.64,5.75
12071,Lee,FL,36668.0,63.57,10.96
12073,Leon,FL,37040.0,38.37,13.45
12075,Levy,FL,2992.0,56.2,7.5
12077,Liberty,FL,5331.0,19.5,4.3
12079,Madison,FL,3594.0,81.7,17.7
12081,Manatee,FL,13482.0,18.1,1.9
12083,Marion,FL,42429.0,50.88,8.11
12085,Martin,FL,16708.0,31.57,6.76
12086,Miami-Dade,FL,93144.0,31.96,8.91
12087,Monroe,FL,60.0,100.0,0.0
12091,Okaloosa,FL,15697.0,62.48,8.32
12095,Orange,FL,89845.0,45.68,12.21
12097,Osceola,FL,35960.0,51.22,7.14
12099,Palm Beach,FL,134481.0,56.68,12.92
12101,Pasco,FL,64790.0,60.2,7.87
12103,Pinellas,FL,71669.0,61.66,11.14
12105,Polk,FL,75192.0,62.84,11.89
12107,Putnam,FL,12785.0,18.51,5.67
12109,St. Johns,FL,7483.0,70.97,12.43
12111,St. Lucie,FL,17346.0,59.3,20.0
12113,Santa Rosa,FL,16213.0,16.9,3.37
12115,Sarasota,FL,28920.0,60.86,7.63
12117,Seminole,FL,6512.0,62.91,10.54
12121,Suwannee,FL,13698.0,22.58,3.28
12123,Taylor,FL,11343.0,42.08,9.53
12125,Union,FL,3494.0,23.0,2.8
12127,Volusia,FL,56586.0,57.44,14.23
12131,Walton,FL,10660.0,26.26,4.23
12133,Washington,FL,13370.0,64.86,12.44
13001,Appling,GA,8137.0,29.45,4.43
13003,Atkinson,GA,2121.0,90.6,21.0
13007,Baker,GA,4074.0,81.4,18.79
13009,Baldwin,GA,11604.0,71.08,13.14
13013,Barrow,GA,10739.0,30.14,3.56
13015,Bartow,GA,2911.0,97.6,11.2
13019,Berrien,GA,1515.0,86.8,9.4
13021,Bibb,GA,31364.0,28.96,6.88
13025,Brantley,GA,5231.0,37.4,5.5
13027,Brooks,GA,1675.0,59.7,15.3
13031,Bulloch,GA,13165.0,23.89,7.68
13033,Burke,GA,9522.0,27.52,7.29
13037,Calhoun,GA,2988.0,34.6,15.7
13039,Camden,GA,3928.0,59.5,3.5
13045,Carroll,GA,17874.0,70.0,10.36
13047,Catoosa,GA,4118.0,87.2,11.6
13049,Charlton,GA,2287.0,51.1,8.8
13051,Chatham,GA,41253.0,66.62,15.9
13053,Chattahoochee,GA,2832.0,99.8,21.3
13055,Chattooga,GA,6715.0,61.1,9.0
13057,Cherokee,GA,2292.0,37.5,2.3
13059,Clarke,GA,40803.0,56.23,20.89
13061,Clay,GA,3357.0,79.29,27.03
13063,Clayton,GA,124000.0,42.37,5.16
13067,Cobb,GA,74521.0,41.37,6.86
13069,Coffee,GA,3402.0,32.0,4.2
13071,Colquitt,GA,4339.0,30.5,3.9
13081,Crisp,GA,7702.0,14.2,3.0
13087,Decatur,GA,3657.0,16.0,2.5
13089,DeKalb,GA,118743.0,32.18,4.83
13093,Dooly,GA,9865.0,70.19,15.88
13095,Dougherty,GA,30490.0,63.76,23.2
13097,Douglas,GA,15690.0,56.61,9.62
13101,Echols,GA,1557.0,91.1,23.7
13105,Elbert,GA,10406.0,27.85,5.71
13107,Emanuel,GA,8615.0,45.85,12.2
13115,Floyd,GA,10502.0,29.3,9.41
13121,Fulton,GA,146377.0,57.83,17.78
13125,Glascock,GA,2556.0,49.7,9.0
13127,Glynn,GA,11152.0,55.89,13.51
13135,Gwinnett,GA,23195.0,62.6,9.02
13139,Hall,GA,12750.0,30.93,8.85
13151,Henry,GA,4732.0,25.2,2.9
13153,Houston,GA,9897.0,50.26,6.95
13159,Jasper,GA,2182.0,34.4,5.4
13161,Jeff Davis,GA,1393.0,64.8,13.4
13165,Jenkins,GA,1988.0,31.0,7.6
13167,Johnson,GA,2398.0,79.0,12.3
13175,Laurens,GA,5526.0,45.24,14.4
13179,Liberty,GA,19602.0,60.95,8.72
13183,Long,GA,4254.0,21.1,4.5
13185,Lowndes,GA,18846.0,30.13,8.15
13191,McIntosh,GA,3538.0,18.1,3.7
13195,Madison,GA,3913.0,74.2,10.0
13197,Marion,GA,7144.0,84.52,18.34
13205,Mitchell,GA,9944.0,20.54,4.18
13209,Montgomery,GA,6298.0,59.6,11.55
13213,Murray,GA,3585.0,45.3,6.3
13215,Muscogee,GA,28536.0,61.9,19.98
13217,Newton,GA,8487.0,49.21,7.63
13227,Pickens,GA,5657.0,26.2,2.7
13229,Pierce,GA,4155.0,38.81,7.09
13243,Randolph,GA,2203.0,32.2,8.4
13245,Richmond,GA,44647.0,47.99,14.43
13247,Rockdale,GA,4935.0,38.8,8.2
13251,Screven,GA,2544.0,84.8,21.5
13255,Spalding,GA,17220.0,52.73,12.62
13257,Stephens,GA,6666.0,30.7,6.9
13259,Stewart,GA,1845.0,37.2,8.9
13263,Talbot,GA,4097.0,76.29,18.48
13265,Taliaferro,GA,2077.0,60.3,13.9
13271,Telfair,GA,1186.0,69.4,12.0
13275,Thomas,GA,4523.0,51.91,10.83
13279,Toombs,GA,3189.0,58.9,15.4
13285,Troup,GA,11523.0,35.68,6.13
13293,Upson,GA,16966.0,55.36,10.38
13295,Walker,GA,13453.0,43.87,6.15
13299,Ware,GA,14950.0,18.39,3.03
13303,Washington,GA,9219.0,30.04,6.05
13305,Wayne,GA,2860.0,56.1,9.6
13309,Wheeler,GA,2531.0,82.4,25.0
13313,Whitfield,GA,6793.0,24.3,4.4
13317,Wilkes,GA,3641.0,47.6,8.3
13319,Wilkinson,GA,3581.0,16.8,3.9
13321,Worth,GA,7519.0,31.02,6.35
16005,Bannock,ID,2414.0,25.0,8.8
16011,Bingham,ID,5862.0,24.6,3.2
16017,Bonner,ID,2195.0,98.2,20.2
16019,Bonneville,ID,4473.0,22.5,3.3
16027,Canyon,ID,23466.0,33.19,3.56
16033,Clark,ID,1022.0,100.0,19.9
16039,Elmore,ID,8894.0,72.1,5.4
16047,Gooding,ID,6844.0,10.0,1.5
16049,Idaho,ID,7507.0,36.24,6.14
16059,Lemhi,ID,2451.0,55.0,11.0
16061,Lewis,ID,57.0,100.0,4.2
16065,Madison,ID,5150.0,69.4,32.7
16073,Owyhee,ID,3574.0,57.5,9.7
16083,Twin Falls,ID,1244.0,62.3,14.5
17001,Adams,IL,10442.0,34.2,2.42
17003,Alexander,IL,5557.0,62.41,11.71
17013,Calhoun,IL,2791.0,18.3,1.6
17015,Carroll,IL,3659.0,49.1,7.5
17019,Champaign,IL,10633.0,18.42,2.47
17025,Clay,IL,2649.0,80.8,8.2
17029,Coles,IL,10099.0,36.26,5.03
17031,Cook,IL,145456.0,55.8,12.08
17033,Crawford,IL,6503.0,22.39,2.21
17037,DeKalb,IL,13718.0,96.72,47.47
17045,Edgar,IL,2197.0,77.1,8.1
17047,Edwards,IL,2534.0,47.9,4.8
17049,Effingham,IL,3945.0,27.5,3.7
17051,Fayette,IL,14591.0,41.3,3.66
17055,Franklin,IL,3284.0,21.1,2.8
17057,Fulton,IL,3088.0,90.8,8.7
17059,Gallatin,IL,6445.0,73.1,14.93
17065,Hamilton,IL,1925.0,41.0,2.5
17067,Hancock,IL,6726.0,70.32,6.55
17069,Hardin,IL,1640.0,65.4,12.5
17075,Iroquois,IL,2779.0,63.5,4.2
17077,Jackson,IL,9040.0,42.31,8.36
17081,Jefferson,IL,15963.0,29.36,3.56
17087,Johnson,IL,7069.0,14.0,1.8
17089,Kane,IL,18210.0,68.62,9.44
17091,Kankakee,IL,9498.0,79.25,16.58
17095,Knox,IL,6970.0,34.49,2.15
17097,Lake,IL,41425.0,56.28,8.71
17099,La Salle,IL,3343.0,48.6,5.4
17101,Lawrence,IL,2953.0,40.1,5.4
17103,Lee,IL,3730.0,86.1,9.6
17109,McDonough,IL,17618.0,49.47,14.6
17113,McLean,IL,30865.0,75.39,26.73
17115,Macon,IL,9460.0,47.33,7.6
17117,Macoupin,IL,6041.0,40.63,4.49
17119,Madison,IL,50221.0,43.34,7.37
17121,Marion,IL,14099.0,53.02,8.65
17125,Mason,IL,2100.0,43.9,4.6
17127,Massac,IL,4284.0,23.1,3.4
17131,Mercer,IL,7965.0,29.85,2.45
17135,Montgomery,IL,10628.0,35.77,5.29
17137,Morgan,IL,9977.0,55.34,9.94
17143,Peoria,IL,12824.0,46.2,13.48
17149,Pike,IL,14610.0,43.19,5.64
17151,Pope,IL,4413.0,56.2,9.59
17153,Pulaski,IL,7348.0,55.48,11.83
17157,Randolph,IL,8296.0,50.56,6.48
17159,Richland,IL,3992.0,77.5,6.4
17161,Rock Island,IL,24102.0,54.81,9.48
17163,St. Clair,IL,45643.0,53.49,16.98
17165,Saline,IL,5700.0,38.78,8.32
17167,Sangamon,IL,25084.0,57.65,6.79
17169,Schuyler,IL,1926.0,36.7,4.5
17173,Shelby,IL,8766.0,29.62,3.87
17175,Stark,IL,3479.0,36.7,2.8
17179,Tazewell,IL,12562.0,51.46,4.1
17181,Union,IL,8270.0,19.41,3.86
17183,Vermilion,IL,3505.0,31.9,3.3
17187,Warren,IL,5290.0,18.4,2.9
17191,Wayne,IL,10475.0,36.51,5.66
17193,White,IL,3276.0,50.4,6.0
17195,Whiteside,IL,9545.0,72.41,11.61
17197,Will,IL,26647.0,44.99,7.19
17199,Williamson,IL,13734.0,31.68,4.51
17201,Winnebago,IL,17938.0,40.91,7.29
18003,Allen,IN,29124.0,70.52,18.69
18009,Blackford,IN,3421.0,41.2,4.8
18019,Clark,IN,6843.0,42.65,7.51
18025,Crawford,IN,2787.0,36.3,4.7
18035,Delaware,IN,12716.0,52.86,11.19
18041,Fayette,IN,5518.0,19.2,1.6
18043,Floyd,IN,3091.0,20.9,4.6
18051,Gibson,IN,7796.0,10.8,1.3
18053,Grant,IN,10938.0,19.69,3.78
18059,Hancock,IN,2778.0,74.0,3.0
18065,Henry,IN,4950.0,35.57,4.32
18067,Howard,IN,4572.0,20.3,1.7
18069,Huntington,IN,3921.0,22.5,1.5
18071,Jackson,IN,7766.0,9.6,0.6
18075,Jay,IN,2387.0,50.1,4.4
18089,Lake,IN,70487.0,63.06,14.56
18091,LaPorte,IN,10694.0,60.94,12.11
18093,Lawrence,IN,3888.0,43.4,9.3
18095,Madison,IN,41926.0,48.35,8.83
18097,Marion,IN,89812.0,49.45,10.85
18105,Monroe,IN,12849.0,23.57,6.32
18117,Orange,IN,3192.0,76.0,11.0
18127,Porter,IN,4659.0,11.2,2.8
18135,Randolph,IN,3856.0,20.5,4.5
18141,St. Joseph,IN,45055.0,69.04,13.98
18143,Scott,IN,5235.0,11.0,1.7
18149,Starke,IN,3809.0,24.8,4.0
18153,Sullivan,IN,6029.0,21.9,2.2
18157,Tippecanoe,IN,14508.0,61.15,30.61
18165,Vermillion,IN,5096.0,25.5,2.5
18167,Vigo,IN,7256.0,59.92,10.02
18175,Washington,IN,3233.0,24.6,3.1
18177,Wayne,IN,11073.0,42.69,8.13
19007,Appanoose,IA,2753.0,44.1,5.1
19013,Black Hawk,IA,19285.0,60.28,10.06
19021,Buena Vista,IA,2124.0,29.9,3.3
19023,Butler,IA,2265.0,74.4,7.9
19029,Cass,IA,1813.0,71.7,9.1
19045,Clinton,IA,5531.0,22.5,3.5
19047,Crawford,IA,2071.0,35.3,2.3
19053,Decatur,IA,2598.0,22.0,2.7
19073,Greene,IA,2077.0,41.5,4.7
19101,Jefferson,IA,2811.0,33.7,3.1
19103,Johnson,IA,3979.0,29.0,8.8
19109,Kossuth,IA,2612.0,71.5,9.9
19113,Linn,IA,11883.0,50.24,6.4
19123,Mahaska,IA,3312.0,40.4,6.2
19133,Monona,IA,2072.0,58.0,6.3
19135,Monroe,IA,2137.0,36.0,3.4
19147,Palo Alto,IA,1743.0,68.1,5.7
19153,Polk,IA,52407.0,61.46,14.86
19155,Pottawattamie,IA,9810.0,59.52,5.53
19159,Ringgold,IA,2194.0,37.7,3.6
19163,Scott,IA,3064.0,100.0,10.0
19169,Story,IA,16722.0,47.47,11.58
19175,Union,IA,2340.0,45.2,5.9
19177,Van Buren,IA,7809.0,91.54,11.66
19185,Wayne,IA,4069.0,58.3,9.24
19187,Webster,IA,4598.0,59.2,4.8
19193,Woodbury,IA,17000.0,44.13,9.86
20001,Allen,KS,2130.0,80.9,9.9
20003,Anderson,KS,3073.0,50.3,7.6
20005,Atchison,KS,5704.0,58.2,7.2
20019,Chautauqua,KS,4359.0,30.7,3.4
20021,Cherokee,KS,9099.0,27.13,3.42
20023,Cheyenne,KS,3165.0,100.0,9.4
20027,Clay,KS,3980.0,54.9,5.1
20029,Cloud,KS,4188.0,78.58,6.51
20035,Cowley,KS,4056.0,65.68,13.1
20037,Crawford,KS,7189.0,47.22,13.86
20039,Decatur,KS,1374.0,44.7,8.4
20043,Doniphan,KS,2493.0,98.8,12.2
20045,Douglas,KS,15679.0,33.22,6.55
20047,Edwards,KS,1726.0,31.3,3.6
20049,Elk,KS,3261.0,99.3,13.7
20051,Ellis,KS,2701.0,19.0,2.0
20061,Geary,KS,9784.0,64.34,9.35
20063,Gove,KS,1890.0,100.0,10.1
20065,Graham,KS,1187.0,57.1,7.6
20073,Greenwood,KS,4615.0,74.58,8.77
20075,Hamilton,KS,2670.0,100.0,15.7
20077,Harper,KS,1561.0,74.8,6.7
20083,Hodgeman,KS,2085.0,99.4,11.4
20089,Jewell,KS,3791.0,31.04,3.7
20091,Johnson,KS,4083.0,23.3,2.0
20095,Kingman,KS,2258.0,82.3,9.3
20099,Labette,KS,2295.0,52.0,4.4
20103,Leavenworth,KS,4987.0,100.0,17.36
20105,Lincoln,KS,3578.0,33.8,3.7
20115,Marion,KS,4535.0,51.5,5.1
20117,Marshall,KS,2705.0,47.5,4.6
20121,Miami,KS,5959.0,40.2,3.3
20123,Mitchell,KS,2125.0,82.9,7.4
20131,Nemaha,KS,2799.0,58.4,6.4
20133,Neosho,KS,2875.0,45.5,3.4
20135,Ness,KS,1744.0,55.0,5.2
20137,Norton,KS,5953.0,23.0,2.1
20141,Osborne,KS,4452.0,26.2,3.1
20147,Phillips,KS,3089.0,71.9,7.4
20155,Reno,KS,12944.0,53.14,9.57
20157,Republic,KS,1383.0,39.3,4.0
20161,Riley,KS,11142.0,71.99,24.03
20163,Rooks,KS,3313.0,19.9,2.3
20165,Rush,KS,2132.0,100.0,9.1
20169,Saline,KS,8267.0,37.52,5.56
20173,Sedgwick,KS,48471.0,59.45,11.06
20175,Seward,KS,6612.0,41.5,7.6
20177,Shawnee,KS,19848.0,46.28,11.8
20179,Sheridan,KS,1403.0,96.2,16.6
20181,Sherman,KS,1369.0,63.7,13.7
20183,Smith,KS,2471.0,75.0,8.0
20185,Stafford,KS,2263.0,27.9,3.8
20201,Washington,KS,6483.0,47.5,5.04
20205,Wilson,KS,2282.0,28.5,3.1
20207,Woodson,KS,1986.0,36.4,4.4
20209,Wyandotte,KS,32126.0,56.22,11.42
21001,Adair,KY,9152.0,50.69,12.02
21013,Bell,KY,980.0,34.3,10.5
21015,Boone,KY,7781.0,38.06,2.9
21017,Bourbon,KY,5477.0,29.9,4.6
21019,Boyd,KY,6025.0,54.48,13.8
21025,Breathitt,KY,4461.0,54.2,16.5
21029,Bullitt,KY,6593.0,63.6,13.6
21037,Campbell,KY,1584.0,34.3,9.4
21045,Casey,KY,1251.0,54.5,12.0
21047,Christian,KY,3389.0,38.8,6.8
21051,Clay,KY,11490.0,36.94,13.18
21067,Fayette,KY,33989.0,51.69,15.82
21069,Fleming,KY,4085.0,18.8,4.7
21073,Franklin,KY,2821.0,19.8,4.0
21081,Grant,KY,2141.0,70.9,8.0
21085,Grayson,KY,8581.0,58.77,12.26
21093,Hardin,KY,1558.0,77.2,24.1
21099,Hart,KY,9532.0,22.1,5.04
21101,Henderson,KY,4428.0,13.9,3.1
21107,Hopkins,KY,5063.0,14.8,3.1
21111,Jefferson,KY,40429.0,57.14,11.85
21115,Johnson,KY,2691.0,31.6,8.8
21117,Kenton,KY,7666.0,70.77,8.97
21121,Knox,KY,2079.0,33.2,18.8
21125,Laurel,KY,9379.0,71.8,17.4
21127,Lawrence,KY,1713.0,56.5,26.2
21131,Leslie,KY,6665.0,25.6,8.75
21135,Lewis,KY,5357.0,29.13,6.83
21137,Lincoln,KY,5558.0,15.6,3.8
21145,McCracken,KY,8261.0,41.79,14.91
21163,Meade,KY,1298.0,100.0,20.7
21175,Morgan,KY,2700.0,26.2,10.5
21183,Ohio,KY,1945.0,55.7,11.9
21187,Owen,KY,2718.0,24.0,4.5
21193,Perry,KY,1766.0,39.0,12.3
21199,Pulaski,KY,12700.0,15.88,3.12
21201,Robertson,KY,2266.0,69.2,15.2
21219,Todd,KY,2919.0,29.1,3.6
21235,Whitley,KY,5865.0,50.22,9.48
22001,Acadia,LA,6188.0,18.5,5.6
22003,Allen,LA,12669.0,49.75,11.1
22005,Ascension,LA,5621.0,51.4,11.0
22009,Avoyelles,LA,7572.0,9.0,1.7
22013,Bienville,LA,7220.0,64.12,17.27
22015,Bossier,LA,1928.0,46.3,25.2
22017,Caddo,LA,63291.0,64.47,23.49
22019,Calcasieu,LA,20090.0,46.2,11.59
22025,Catahoula,LA,8021.0,22.94,6.13
22027,Claiborne,LA,4193.0,36.9,12.7
22029,Concordia,LA,10271.0,53.28,23.75
22031,De Soto,LA,7104.0,27.9,6.21
22033,East Baton Rouge,LA,73841.0,76.9,30.03
22035,East Carroll,LA,2517.0,32.1,5.5
22039,Evangeline,LA,4133.0,68.3,38.7
22041,Franklin,LA,9564.0,16.51,5.38
22043,Grant,LA,8953.0,37.85,8.31
22045,Iberia,LA,7900.0,71.24,19.99
22047,Iberville,LA,2973.0,100.0,100.0
22049,Jackson,LA,2823.0,79.8,19.5
22051,Jefferson,LA,29925.0,63.96,16.87
22055,Lafayette,LA,12159.0,82.25,18.57
22057,Lafourche,LA,13951.0,69.21,15.05
22061,Lincoln,LA,12196.0,62.4,23.75
22065,Madison,LA,3387.0,21.6,11.3
22067,Morehouse,LA,19102.0,53.25,19.29
22069,Natchitoches,LA,10069.0,43.75,9.82
22071,Orleans,LA,147064.0,92.26,32.55
22073,Ouachita,LA,44839.0,64.11,26.75
22075,Plaquemines,LA,5963.0,74.83,16.29
22077,Pointe Coupee,LA,2620.0,23.9,9.2
22079,Rapides,LA,21797.0,72.35,18.37
22081,Red River,LA,4986.0,28.0,5.8
22083,Richland,LA,9388.0,18.63,6.51
22085,Sabine,LA,3907.0,29.7,5.0
22087,St. Bernard,LA,8163.0,97.83,17.17
22089,St. Charles,LA,4027.0,53.5,14.8
22091,St. Helena,LA,6337.0,16.2,4.9
22095,St. John the Baptist,LA,6149.0,99.95,23.33
22097,St. Landry,LA,28904.0,41.31,14.75
22101,St. Mary,LA,7936.0,76.98,25.86
22105,Tangipahoa,LA,22322.0,64.27,16.59
22107,Tensas,LA,6618.0,52.99,19.93
22109,Terrebonne,LA,26186.0,63.9,17.0
22111,Union,LA,4167.0,21.1,3.9
22113,Vermilion,LA,4117.0,13.6,3.3
22117,Washington,LA,21004.0,28.89,7.25
22119,Webster,LA,8754.0,42.87,12.56
22127,Winn,LA,2767.0,56.2,21.8
23003,Aroostook,ME,11229.0,50.78,8.24
23005,Cumberland,ME,5210.0,66.0,4.0
23007,Franklin,ME,11260.0,41.38,8.83
23013,Knox,ME,2888.0,100.0,15.3
23019,Penobscot,ME,22357.0,70.57,15.26
23021,Piscataquis,ME,1232.0,34.0,5.4
23025,Somerset,ME,1887.0,36.2,7.7
23027,Waldo,ME,6571.0,20.5,3.0
23029,Washington,ME,5544.0,53.65,10.39
23031,York,ME,6835.0,10.5,1.4
24001,Allegany,MD,18970.0,55.99,4.82
24003,Anne Arundel,MD,12304.0,50.89,9.57
24005,Baltimore,MD,49245.0,46.67,6.41
24013,Carroll,MD,5080.0,61.9,5.1
24015,Cecil,MD,5099.0,29.2,5.2
24019,Dorchester,MD,3774.0,48.28,7.68
24021,Frederick,MD,14834.0,32.48,1.85
24025,Harford,MD,2778.0,98.7,15.9
24029,Kent,MD,5220.0,15.3,3.2
24031,Montgomery,MD,8578.0,13.86,0.85
24033,Prince George's,MD,121831.0,52.57,9.45
24037,St. Mary's,MD,4726.0,21.6,3.4
24039,Somerset,MD,2064.0,62.4,8.0
24041,Talbot,MD,5496.0,26.4,3.0
24045,Wicomico,MD,19437.0,55.01,5.88
24047,Worcester,MD,11290.0,36.52,4.88
24510,Baltimore City,MD,27510.0,55.32,9.59
25001,Barnstable,MA,30182.0,48.48,5.46
25003,Berkshire,MA,15263.0,57.0,5.07
25005,Bristol,MA,58575.0,36.08,4.33
25009,Essex,MA,31666.0,69.29,13.63
25013,Hampden,MA,79101.0,36.73,6.17
25015,Hampshire,MA,21877.0,29.45,4.19
25017,Middlesex,MA,4741.0,49.3,7.5
25021,Norfolk,MA,8512.0,51.55,10.67
25023,Plymouth,MA,26484.0,81.55,9.91
25025,Suffolk,MA,16324.0,55.4,10.19
25027,Worcester,MA,60153.0,52.99,10.24
26001,Alcona,MI,1679.0,71.4,7.1
26003,Alger,MI,2626.0,57.1,8.1
26007,Alpena,MI,9146.0,34.03,2.74
26013,Baraga,MI,4981.0,17.1,1.9
26017,Bay,MI,22735.0,53.54,9.87
26021,Berrien,MI,38198.0,38.41,9.82
26023,Branch,MI,3982.0,48.8,8.2
26025,Calhoun,MI,16136.0,52.18,7.38
26027,Cass,MI,1147.0,100.0,11.3
26029,Charlevoix,MI,551.0,100.0,7.2
26031,Cheboygan,MI,10484.0,28.29,4.16
26033,Chippewa,MI,10949.0,48.18,5.63
26037,Clinton,MI,1598.0,42.2,7.9
26039,Crawford,MI,1967.0,31.5,3.2
26041,Delta,MI,5909.0,42.71,5.36
26043,Dickinson,MI,5207.0,82.06,10.16
26045,Eaton,MI,7520.0,86.4,8.7
26047,Emmet,MI,7365.0,30.4,2.31
26049,Genesee,MI,76779.0,55.04,16.11
26053,Gogebic,MI,8336.0,48.41,8.66
26055,Grand Traverse,MI,5626.0,31.7,2.9
26057,Gratiot,MI,13353.0,27.25,2.73
26059,Hillsdale,MI,3547.0,30.1,4.8
26061,Houghton,MI,6495.0,31.38,3.03
26063,Huron,MI,11128.0,79.03,7.8
26065,Ingham,MI,58562.0,78.72,21.74
26069,Iosco,MI,8641.0,35.39,4.33
26073,Isabella,MI,2790.0,21.8,7.6
26075,Jackson,MI,19054.0,64.11,10.87
26077,Kalamazoo,MI,29231.0,61.86,26.15
26081,Kent,MI,20972.0,85.46,15.45
26083,Keweenaw,MI,2301.0,29.1,1.9
26085,Lake,MI,5989.0,28.8,4.4
26087,Lapeer,MI,8416.0,32.39,2.46
26091,Lenawee,MI,16048.0,44.34,5.18
26095,Luce,MI,2274.0,34.0,4.5
26097,Mackinac,MI,7557.0,56.31,7.38
26099,Macomb,MI,27226.0,88.32,13.42
26103,Marquette,MI,2358.0,81.2,8.8
26105,Mason,MI,11062.0,56.28,8.32
26107,Mecosta,MI,12514.0,83.91,39.65
26109,Menominee,MI,14392.0,41.41,4.8
26111,Midland,MI,3997.0,24.5,3.0
26113,Missaukee,MI,3888.0,17.9,2.4
26121,Muskegon,MI,46626.0,75.44,15.87
26125,Oakland,MI,16834.0,49.43,12.31
26131,Ontonagon,MI,5721.0,36.39,3.78
26133,Osceola,MI,7012.0,47.64,5.13
26137,Otsego,MI,8204.0,25.44,2.4
26139,Ottawa,MI,5517.0,81.3,21.4
26141,Presque Isle,MI,11318.0,68.58,8.1
26143,Roscommon,MI,4098.0,52.5,9.91
26145,Saginaw,MI,21764.0,45.45,12.63
26147,St. Clair,MI,29905.0,69.44,11.65
26149,St. Joseph,MI,3519.0,34.1,3.4
26151,Sanilac,MI,2685.0,34.8,3.6
26153,Schoolcraft,MI,5103.0,41.29,4.52
26155,Shiawassee,MI,8973.0,70.54,12.32
26161,Washtenaw,MI,76278.0,60.02,14.12
26163,Wayne,MI,130093.0,64.27,16.18
27001,Aitkin,MN,12258.0,45.77,5.43
27003,Anoka,MN,18810.0,50.39,3.01
27005,Becker,MN,11756.0,72.28,10.82
27007,Beltrami,MN,9764.0,33.82,9.51
27011,Big Stone,MN,3559.0,71.66,9.92
27013,Blue Earth,MN,10500.0,71.72,23.71
27015,Brown,MN,4164.0,66.9,6.0
27017,Carlton,MN,3113.0,61.0,5.8
27021,Cass,MN,3862.0,15.1,2.3
27027,Clay,MN,8424.0,42.58,9.93
27029,Clearwater,MN,5824.0,57.44,9.02
27033,Cottonwood,MN,5669.0,91.43,9.89
27035,Crow Wing,MN,17433.0,40.28,5.28
27037,Dakota,MN,11523.0,82.67,4.51
27041,Douglas,MN,21869.0,38.87,3.93
27043,Faribault,MN,5231.0,57.47,4.81
27047,Freeborn,MN,8102.0,73.77,6.44
27051,Grant,MN,6289.0,99.27,8.35
27053,Hennepin,MN,82180.0,67.88,10.24
27057,Hubbard,MN,6456.0,39.55,3.99
27059,Isanti,MN,2913.0,23.3,2.9
27061,Itasca,MN,11663.0,43.56,5.32
27063,Jackson,MN,5970.0,43.78,3.6
27065,Kanabec,MN,3265.0,31.7,3.8
27067,Kandiyohi,MN,9669.0,26.93,3.23
27069,Kittson,MN,5285.0,27.56,3.3
27071,Koochiching,MN,8602.0,50.9,7.32
27073,Lac qui Parle,MN,2235.0,37.7,4.5
27077,Lake of the Woods,MN,2685.0,64.58,7.07
27081,Lincoln,MN,6429.0,91.65,8.78
27083,Lyon,MN,7563.0,53.56,7.13
27087,Mahnomen,MN,2414.0,73.9,18.7
27089,Marshall,MN,7443.0,81.12,8.66
27091,Martin,MN,12031.0,40.53,5.53
27093,Meeker,MN,3076.0,40.7,4.2
27097,Morrison,MN,12506.0,29.45,3.63
27099,Mower,MN,13373.0,48.69,3.9
27101,Murray,MN,9165.0,40.19,3.58
27105,Nobles,MN,6758.0,67.4,7.3
27107,Norman,MN,7442.0,89.99,9.25
27111,Otter Tail,MN,14474.0,38.28,4.39
27113,Pennington,MN,3004.0,46.5,6.4
27115,Pine,MN,15682.0,37.15,4.43
27117,Pipestone,MN,5478.0,55.13,5.22
27119,Polk,MN,13202.0,34.49,4.31
27121,Pope,MN,5199.0,28.46,2.64
27123,Ramsey,MN,62743.0,65.51,9.53
27125,Red Lake,MN,4299.0,99.6,10.76
27127,Redwood,MN,8205.0,66.56,5.86
27129,Renville,MN,6174.0,94.46,8.05
27133,Rock,MN,5822.0,23.04,1.97
27135,Roseau,MN,4327.0,78.65,6.36
27137,St. Louis,MN,38339.0,76.26,14.13
27139,Scott,MN,1581.0,100.0,6.0
27145,Stearns,MN,3799.0,62.7,7.8
27151,Swift,MN,6094.0,45.24,3.18
27153,Todd,MN,15505.0,42.25,5.04
27155,Traverse,MN,1710.0,80.3,11.3
27159,Wadena,MN,8384.0,50.69,7.1
27163,Washington,MN,7851.0,55.06,2.07
27165,Watonwan,MN,7109.0,49.28,4.72
27167,Wilkin,MN,3538.0,62.4,4.6
27173,Yellow Medicine,MN,4918.0,68.05,6.49
28001,Adams,MS,6797.0,60.85,26.85
28003,Alcorn,MS,3606.0,79.0,19.4
28005,Amite,MS,8725.0,26.29,6.47
28009,Benton,MS,5737.0,15.1,3.9
28011,Bolivar,MS,23532.0,37.73,16.07
28017,Chickasaw,MS,4649.0,37.8,8.3
28021,Claiborne,MS,6335.0,9.6,6.0
28023,Clarke,MS,4187.0,20.9,7.1
28025,Clay,MS,8902.0,32.91,8.78
28027,Coahoma,MS,11664.0,49.01,21.66
28029,Copiah,MS,19234.0,40.15,12.0
28035,Forrest,MS,14265.0,34.05,10.91
28037,Franklin,MS,8448.0,31.3,8.15
28043,Grenada,MS,3476.0,28.9,9.9
28047,Harrison,MS,25639.0,73.48,18.28
28049,Hinds,MS,68392.0,68.09,21.65
28053,Humphreys,MS,8234.0,32.69,12.57
28055,Issaquena,MS,2274.0,24.2,8.1
28059,Jackson,MS,26624.0,63.42,13.44
28061,Jasper,MS,4653.0,63.0,14.7
28063,Jefferson,MS,7537.0,13.0,3.6
28067,Jones,MS,11076.0,61.21,22.68
28069,Kemper,MS,10453.0,39.83,8.95
28071,Lafayette,MS,14621.0,60.87,19.78
28075,Lauderdale,MS,9350.0,28.33,16.06
28077,Lawrence,MS,9247.0,24.86,4.71
28079,Leake,MS,11748.0,20.39,5.33
28083,Leflore,MS,16271.0,43.25,18.1
28085,Lincoln,MS,11496.0,31.65,9.68
28087,Lowndes,MS,5252.0,33.56,13.42
28089,Madison,MS,13904.0,63.74,26.94
28091,Marion,MS,19748.0,25.48,6.79
28093,Marshall,MS,6876.0,52.0,12.2
28095,Monroe,MS,3702.0,17.2,5.2
28097,Montgomery,MS,12189.0,40.23,10.37
28099,Neshoba,MS,3992.0,18.8,5.3
28101,Newton,MS,4024.0,39.4,9.7
28103,Noxubee,MS,9967.0,20.58,6.6
28105,Oktibbeha,MS,15642.0,39.58,13.25
28107,Panola,MS,17474.0,34.24,11.3
28109,Pearl River,MS,11551.0,47.45,12.33
28111,Perry,MS,3810.0,18.8,5.3
28113,Pike,MS,4354.0,13.8,4.4
28119,Quitman,MS,2967.0,45.0,18.0
28121,Rankin,MS,1374.0,48.1,10.7
28123,Scott,MS,4901.0,37.9,8.4
28125,Sharkey,MS,4301.0,15.0,5.8
28127,Simpson,MS,12667.0,26.47,6.59
28131,Stone,MS,3562.0,53.6,11.4
28133,Sunflower,MS,6892.0,56.1,18.3
28135,Tallahatchie,MS,7397.0,91.46,33.22
28143,Tunica,MS,4253.0,20.9,5.8
28147,Walthall,MS,13199.0,16.5,4.28
28149,Warren,MS,19242.0,38.43,11.22
28151,Washington,MS,17426.0,22.57,8.71
28153,Wayne,MS,10676.0,14.34,3.78
28157,Wilkinson,MS,10312.0,16.88,7.34
28159,Winston,MS,4222.0,15.9,4.3
28161,Yalobusha,MS,4487.0,52.2,12.3
28163,Yazoo,MS,15923.0,23.36,9.9
29009,Barry,MO,5840.0,36.5,5.2
29011,Barton,MO,4012.0,43.7,5.8
29013,Bates,MO,4562.0,15.1,2.0
29015,Benton,MO,5784.0,46.9,7.42
29017,Bollinger,MO,3068.0,20.2,4.2
29019,Boone,MO,8823.0,86.23,27.57
29021,Buchanan,MO,6358.0,56.68,9.98
29023,Butler,MO,11796.0,30.58,5.8
29025,Caldwell,MO,3089.0,62.2,8.3
29029,Camden,MO,8985.0,23.38,3.78
29031,Cape Girardeau,MO,2537.0,57.9,14.2
29033,Carroll,MO,3103.0,65.9,9.2
29035,Carter,MO,5941.0,92.96,23.57
29037,Cass,MO,2092.0,100.0,3.7
29039,Cedar,MO,10433.0,29.96,5.96
29041,Chariton,MO,2713.0,64.9,9.2
29045,Clark,MO,2187.0,38.6,4.6
29047,Clay,MO,14633.0,58.41,6.68
29051,Cole,MO,8724.0,87.89,28.63
29055,Crawford,MO,3932.0,14.1,2.6
29057,Dade,MO,4709.0,12.3,1.4
29059,Dallas,MO,10700.0,34.73,6.32
29061,Daviess,MO,3197.0,44.9,7.4
29063,DeKalb,MO,7503.0,31.5,6.3
29065,Dent,MO,9321.0,21.95,3.86
29067,Douglas,MO,3589.0,71.9,13.2
29069,Dunklin,MO,8019.0,30.58,7.99
29073,Gasconade,MO,3151.0,18.3,2.5
29077,Greene,MO,27226.0,45.09,7.8
29079,Grundy,MO,10432.0,45.83,7.63
29081,Harrison,MO,3695.0,60.4,10.4
29083,Henry,MO,12518.0,49.06,8.18
29085,Hickory,MO,2755.0,20.8,4.3
29087,Holt,MO,3402.0,100.0,16.25
29091,Howell,MO,14000.0,45.6,10.67
29093,Iron,MO,2135.0,56.5,10.5
29095,Jackson,MO,83477.0,57.92,9.79
29097,Jasper,MO,13929.0,48.57,8.67
29099,Jefferson,MO,5410.0,61.5,8.5
29101,Johnson,MO,6932.0,20.9,2.82
29103,Knox,MO,2056.0,41.5,8.1
29105,Laclede,MO,22013.0,31.2,4.5
29107,Lafayette,MO,1529.0,71.4,7.2
29109,Lawrence,MO,7328.0,29.7,5.9
29111,Lewis,MO,4970.0,83.67,15.97
29119,McDonald,MO,5456.0,20.4,3.7
29121,Macon,MO,2700.0,23.7,5.0
29123,Madison,MO,8551.0,22.67,4.26
29127,Marion,MO,3526.0,44.9,5.8
29129,Mercer,MO,1637.0,32.5,4.4
29131,Miller,MO,5470.0,23.8,3.4
29139,Montgomery,MO,2898.0,29.2,4.3
29145,Newton,MO,3235.0,23.1,3.7
29147,Nodaway,MO,9791.0,67.82,13.54
29149,Oregon,MO,6033.0,25.12,5.42
29153,Ozark,MO,9542.0,50.6,11.2
29155,Pemiscot,MO,7197.0,34.42,13.59
29159,Pettis,MO,4153.0,22.3,2.3
29161,Phelps,MO,13860.0,32.75,8.64
29165,Platte,MO,2921.0,24.4,2.8
29169,Pulaski,MO,9485.0,42.4,2.8
29171,Putnam,MO,2757.0,56.2,9.2
29179,Reynolds,MO,3036.0,89.9,19.5
29181,Ripley,MO,9396.0,31.49,6.46
29185,St. Clair,MO,9652.0,63.95,12.29
29187,St. Francois,MO,6929.0,21.4,2.6
29189,St. Louis,MO,99229.0,39.23,7.04
29195,Saline,MO,3196.0,100.0,16.5
29197,Schuyler,MO,4170.0,89.09,15.59
29199,Scotland,MO,2816.0,32.0,6.1
29201,Scott,MO,6773.0,16.1,5.8
29203,Shannon,MO,8324.0,40.45,10.5
29205,Shelby,MO,3802.0,67.13,11.81
29211,Sullivan,MO,4171.0,49.14,7.31
29213,Taney,MO,7068.0,8.0,1.2
29215,Texas,MO,17004.0,25.18,5.55
29217,Vernon,MO,3448.0,19.6,2.9
29221,Washington,MO,8295.0,29.52,4.58
29223,Wayne,MO,9081.0,49.21,11.12
29227,Worth,MO,2382.0,30.8,4.3
29229,Wright,MO,3714.0,58.2,11.5
29510,St. Louis City,MO,47361.0,64.48,19.72
30001,Beaverhead,MT,1517.0,98.8,19.3
30003,Big Horn,MT,8313.0,80.57,28.71
30005,Blaine,MT,1353.0,100.0,44.8
30011,Carter,MT,1360.0,100.0,18.1
30015,Chouteau,MT,851.0,100.0,56.5
30019,Daniels,MT,81.0,100.0,22.04
30021,Dawson,MT,1509.0,78.7,14.5
30029,Flathead,MT,3210.0,26.19,3.88
30033,Garfield,MT,1279.0,97.8,21.0
30035,Glacier,MT,4159.0,59.43,15.71
30037,Golden Valley,MT,1042.0,100.0,25.8
30041,Hill,MT,1953.0,100.0,33.1
30045,Judith Basin,MT,2329.0,61.0,13.1
30047,Lake,MT,3240.0,56.5,11.53
30049,Lewis and Clark,MT,2203.0,100.0,21.0
30051,Liberty,MT,2158.0,100.0,20.3
30053,Lincoln,MT,3293.0,22.4,5.6
30061,Mineral,MT,3884.0,45.45,7.46
30063,Missoula,MT,6893.0,27.5,10.8
30069,Petroleum,MT,493.0,100.0,23.2
30071,Phillips,MT,141.0,100.0,25.7
30073,Pondera,MT,2355.0,98.94,30.53
30081,Ravalli,MT,1403.0,48.2,15.0
30085,Roosevelt,MT,4591.0,98.58,43.59
30087,Rosebud,MT,2928.0,26.1,11.1
30089,Sanders,MT,4998.0,91.49,17.38
30091,Sheridan,MT,106.0,99.43,15.58
30093,Silver Bow,MT,5234.0,22.0,5.8
30105,Valley,MT,1092.0,99.5,31.6
30107,Wheatland,MT,2259.0,100.0,20.4
30111,Yellowstone,MT,16115.0,21.94,4.29
31003,Antelope,NE,5640.0,90.9,12.03
31005,Arthur,NE,444.0,100.0,13.8
31009,Blaine,NE,583.0,100.0,19.4
31011,Boone,NE,4235.0,45.0,5.3
31015,Boyd,NE,2438.0,100.0,15.2
31019,Buffalo,NE,5303.0,33.0,14.2
31021,Burt,NE,47.0,37.8,16.5
31027,Cedar,NE,4606.0,72.8,6.6
31031,Cherry,NE,1553.0,94.3,13.5
31039,Cuming,NE,5160.0,59.1,5.44
31041,Custer,NE,7878.0,81.54,10.25
31045,Dawes,NE,3138.0,73.9,11.1
31047,Dawson,NE,2675.0,51.6,6.6
31051,Dixon,NE,208.0,100.0,11.8
31055,Douglas,NE,56186.0,56.78,10.68
31057,Dundy,NE,2292.0,99.9,13.6
31061,Franklin,NE,1570.0,94.6,8.5
31065,Furnas,NE,5324.0,48.64,5.75
31069,Garden,NE,2292.0,99.9,14.8
31075,Grant,NE,747.0,100.0,9.7
31077,Greeley,NE,2714.0,62.6,9.0
31085,Hayes,NE,1068.0,100.0,18.4
31087,Hitchcock,NE,3111.0,90.6,13.7
31089,Holt,NE,5177.0,62.51,10.17
31091,Hooker,NE,783.0,100.0,6.9
31101,Keith,NE,3774.0,50.6,5.7
31103,Keya Paha,NE,983.0,99.8,26.8
31107,Knox,NE,9374.0,72.7,11.62
31109,Lancaster,NE,11081.0,43.45,16.08
31115,Loup,NE,712.0,80.1,14.1
31117,McPherson,NE,533.0,100.0,16.2
31123,Morrill,NE,5440.0,51.2,7.6
31129,Nuckolls,NE,2858.0,66.4,7.5
31133,Pawnee,NE,3087.0,19.4,1.9
31139,Pierce,NE,3822.0,71.4,9.4
31147,Richardson,NE,4387.0,60.78,6.57
31149,Rock,NE,1756.0,30.3,7.4
31153,Sarpy,NE,8928.0,80.7,4.45
31157,Scotts Bluff,NE,5529.0,22.9,3.29
31161,Sheridan,NE,3649.0,59.0,7.5
31163,Sherman,NE,3318.0,100.0,12.9
31165,Sioux,NE,1475.0,68.4,11.3
31167,Stanton,NE,1922.0,94.0,7.0
31169,Thayer,NE,6055.0,27.56,3.08
31171,Thomas,NE,729.0,100.0,14.3
31173,Thurston,NE,7171.0,28.08,4.47
31175,Valley,NE,2158.0,56.5,8.6
31181,Webster,NE,2060.0,100.0,12.9
31183,Wheeler,NE,886.0,100.0,20.9
32001,Churchill,NV,8487.0,38.2,5.3
32003,Clark,NV,69668.0,73.45,14.9
32005,Douglas,NV,2128.0,92.9,14.5
32007,Elko,NV,1793.0,98.3,13.0
32015,Lander,NV,983.0,54.0,13.5
32019,Lyon,NV,6689.0,47.9,6.4
32021,Mineral,NV,1538.0,78.43,22.27
32023,Nye,NV,4525.0,100.0,7.6
32031,Washoe,NV,17860.0,63.73,13.07
32033,White Pine,NV,2772.0,85.7,12.7
32510,Carson City,NV,6057.0,26.5,2.0
33005,Cheshire,NH,3648.0,62.5,10.8
33007,Coos,NH,2092.0,37.0,2.9
33009,Grafton,NH,2326.0,33.6,3.6
33011,Hillsborough,NH,6651.0,100.0,17.1
33013,Merrimack,NH,7338.0,19.8,1.8
33015,Rockingham,NH,27619.0,39.5,3.12
33017,Strafford,NH,28948.0,37.59,4.36
34001,Atlantic,NJ,53636.0,70.18,14.57
34005,Burlington,NJ,33477.0,52.21,4.0
34007,Camden,NJ,39885.0,74.43,14.68
34009,Cape May,NJ,39667.0,61.34,5.92
34011,Cumberland,NJ,75844.0,61.74,11.57
34013,Essex,NJ,9150.0,80.04,11.9
34015,Gloucester,NJ,28861.0,61.12,6.45
34017,Hudson,NJ,3068.0,20.9,2.4
34021,Mercer,NJ,18588.0,25.83,1.92
34023,Middlesex,NJ,61422.0,53.98,8.19
34025,Monmouth,NJ,47665.0,83.08,11.29
34027,Morris,NJ,3053.0,100.0,6.2
34029,Ocean,NJ,90901.0,75.12,4.84
34031,Passaic,NJ,422.0,100.0,61.7
34033,Salem,NJ,3808.0,57.53,12.41
34035,Somerset,NJ,18250.0,55.96,4.13
34037,Sussex,NJ,2145.0,50.4,5.2
34039,Union,NJ,3123.0,42.1,4.6
34041,Warren,NJ,2482.0,78.2,6.3
35001,Bernalillo,NM,56554.0,48.74,10.69
35003,Catron,NM,3543.0,100.0,24.5
35005,Chaves,NM,10146.0,50.19,12.33
35006,Cibola,NM,15394.0,54.27,14.81
35009,Curry,NM,12862.0,74.95,21.33
35013,Dona Ana,NM,51315.0,60.18,19.13
35015,Eddy,NM,9746.0,76.09,14.39
35017,Grant,NM,8062.0,56.19,14.9
35019,Guadalupe,NM,4680.0,30.5,8.8
35023,Hidalgo,NM,2662.0,77.3,16.2
35025,Lea,NM,8743.0,65.11,18.03
35027,Lincoln,NM,1957.0,96.4,19.3
35029,Luna,NM,13010.0,47.47,15.17
35031,McKinley,NM,56228.0,75.27,30.62
35033,Mora,NM,5180.0,30.4,7.9
35035,Otero,NM,11861.0,46.37,11.61
35039,Rio Arriba,NM,12770.0,47.4,12.35
35041,Roosevelt,NM,4090.0,16.2,2.6
35043,Sandoval,NM,11784.0,88.85,37.41
35045,San Juan,NM,31109.0,61.16,22.96
35047,San Miguel,NM,16302.0,70.69,19.11
35049,Santa Fe,NM,23108.0,62.84,10.19
35051,Sierra,NM,5477.0,40.9,8.8
35053,Socorro,NM,7941.0,63.05,24.29
35055,Taos,NM,4702.0,88.52,22.24
35057,Torrance,NM,9534.0,34.52,7.47
35061,Valencia,NM,10640.0,58.44,14.14
36001,Albany,NY,40563.0,59.5,16.85
36003,Allegany,NY,3471.0,39.2,6.6
36007,Broome,NY,8998.0,40.93,8.94
36009,Cattaraugus,NY,4885.0,10.5,0.7
36013,Chautauqua,NY,17872.0,28.71,5.36
36015,Chemung,NY,11096.0,46.7,5.47
36019,Clinton,NY,9165.0,73.58,9.45
36021,Columbia,NY,7524.0,65.88,18.49
36025,Delaware,NY,2042.0,31.6,4.1
36027,Dutchess,NY,13302.0,42.36,8.45
36029,Erie,NY,37297.0,71.18,16.01
36031,Essex,NY,1543.0,42.0,4.4
36033,Franklin,NY,7798.0,40.27,6.54
36035,Fulton,NY,10123.0,59.16,12.95
36041,Hamilton,NY,2650.0,42.47,4.16
36043,Herkimer,NY,11590.0,60.24,7.68
36049,Lewis,NY,14316.0,20.32,2.59
36051,Livingston,NY,14329.0,58.66,24.99
36055,Monroe,NY,51882.0,80.34,21.36
36057,Montgomery,NY,11010.0,88.43,16.79
36059,Nassau,NY,5.0,100.0,0.0
36063,Niagara,NY,21127.0,70.65,13.26
36065,Oneida,NY,9866.0,56.28,15.54
36067,Onondaga,NY,18402.0,74.97,18.07
36071,Orange,NY,9479.0,15.11,1.75
36073,Orleans,NY,7824.0,10.5,1.2
36075,Oswego,NY,5967.0,49.49,6.79
36077,Otsego,NY,6005.0,45.32,4.76
36081,Queens,NY,16671.0,72.44,23.12
36085,Richmond,NY,9655.0,74.79,16.87
36087,Rockland,NY,18975.0,49.06,13.89
36089,St. Lawrence,NY,31490.0,41.43,7.36
36093,Schenectady,NY,19396.0,100.0,31.26
36101,Steuben,NY,14064.0,23.78,4.04
36103,Suffolk,NY,152027.0,62.66,7.86
36105,Sullivan,NY,6293.0,87.8,31.5
36107,Tioga,NY,4525.0,15.6,1.9
36111,Ulster,NY,18320.0,55.18,10.99
36117,Wayne,NY,4785.0,25.0,4.3
36119,Westchester,NY,2382.0,100.0,59.2
37001,Alamance,NC,15145.0,61.16,11.41
37009,Ashe,NC,2870.0,20.9,2.8
37015,Bertie,NC,5641.0,24.8,4.7
37017,Bladen,NC,3167.0,24.7,4.4
37021,Buncombe,NC,13255.0,18.91,3.19
37025,Cabarrus,NC,27177.0,28.2,3.93
37027,Caldwell,NC,10534.0,45.8,7.56
37035,Catawba,NC,9363.0,61.05,12.28
37037,Chatham,NC,3599.0,15.5,2.1
37041,Chowan,NC,6601.0,17.1,2.7
37045,Cleveland,NC,10688.0,32.16,6.46
37049,Craven,NC,14431.0,50.45,4.32
37051,Cumberland,NC,74010.0,59.84,8.77
37057,Davidson,NC,22146.0,67.61,11.16
37061,Duplin,NC,5318.0,54.4,14.6
37063,Durham,NC,26379.0,33.56,8.22
37065,Edgecombe,NC,10799.0,54.64,17.41
37067,Forsyth,NC,29136.0,59.63,16.12
37069,Franklin,NC,11468.0,46.88,6.84
37071,Gaston,NC,22297.0,68.01,12.32
37081,Guilford,NC,55980.0,53.12,12.85
37083,Halifax,NC,5422.0,73.5,22.7
37087,Haywood,NC,6082.0,13.8,1.2
37089,Henderson,NC,4821.0,69.1,13.0
37091,Hertford,NC,12716.0,57.24,10.44
37093,Hoke,NC,4972.0,37.6,8.8
37095,Hyde,NC,5826.0,16.5,2.2
37097,Iredell,NC,9909.0,66.9,16.45
37105,Lee,NC,8985.0,52.4,9.4
37107,Lenoir,NC,4146.0,44.7,13.4
37109,Lincoln,NC,5451.0,46.8,8.9
37115,Madison,NC,5198.0,46.74,9.96
37119,Mecklenburg,NC,51468.0,55.17,12.64
37121,Mitchell,NC,2743.0,36.2,4.7
37129,New Hanover,NC,22260.0,67.7,19.57
37133,Onslow,NC,27528.0,56.33,8.2
37135,Orange,NC,26251.0,59.07,35.85
37139,Pasquotank,NC,11035.0,64.97,16.25
37141,Pender,NC,5815.0,56.6,11.3
37145,Person,NC,6304.0,26.7,3.3
37147,Pitt,NC,14237.0,61.12,19.99
37151,Randolph,NC,10120.0,58.06,6.69
37153,Richmond,NC,3269.0,50.4,14.9
37155,Robeson,NC,16694.0,53.64,14.35
37157,Rockingham,NC,12372.0,90.55,15.0
37159,Rowan,NC,22396.0,54.83,4.9
37161,Rutherford,NC,8361.0,20.22,3.52
37163,Sampson,NC,5477.0,37.3,7.1
37167,Stanly,NC,6251.0,38.7,6.3
37169,Stokes,NC,6456.0,8.9,1.2
37179,Union,NC,9641.0,38.1,2.0
37181,Vance,NC,2339.0,46.5,4.8
37183,Wake,NC,46518.0,42.12,10.48
37187,Washington,NC,5379.0,31.9,6.0
37191,Wayne,NC,9775.0,62.52,18.15
37193,Wilkes,NC,6453.0,61.85,8.96
37195,Wilson,NC,6963.0,75.59,33.06
38001,Adams,ND,2593.0,20.5,2.3
38005,Benson,ND,2346.0,33.6,8.1
38013,Burke,ND,2242.0,100.0,15.36
38015,Burleigh,ND,1480.0,98.7,16.5
38017,Cass,ND,8527.0,20.58,2.97
38021,Dickey,ND,1645.0,100.0,20.4
38025,Dunn,ND,402.0,100.0,39.2
38027,Eddy,ND,116.0,100.0,17.2
38029,Emmons,ND,2918.0,60.8,13.5
38035,Grand Forks,ND,9836.0,71.24,21.83
38037,Grant,ND,2841.0,53.79,11.71
38043,Kidder,ND,2753.0,99.68,19.8
38045,LaMoure,ND,2960.0,100.0,17.4
38047,Logan,ND,2308.0,93.6,14.0
38049,McHenry,ND,1330.0,100.0,23.4
38051,McIntosh,ND,3390.0,60.4,11.0
38053,McKenzie,ND,4148.0,85.59,16.03
38055,McLean,ND,784.0,95.9,33.1
38057,Mercer,ND,1186.0,59.26,10.58
38059,Morton,ND,3933.0,61.9,7.7
38061,Mountrail,ND,3207.0,31.5,4.8
38077,Richland,ND,81.0,100.0,22.54
38079,Rolette,ND,6215.0,19.78,4.94
38083,Sheridan,ND,1710.0,77.9,16.1
38085,Sioux,ND,1619.0,99.12,43.38
38087,Slope,ND,767.0,96.1,16.3
38089,Stark,ND,1800.0,97.2,14.1
38101,Ward,ND,13976.0,65.72,8.03
38103,Wells,ND,1338.0,69.8,11.2
39001,Adams,OH,3454.0,21.9,5.3
39003,Allen,OH,18403.0,65.91,14.23
39007,Ashtabula,OH,12411.0,46.74,8.19
39009,Athens,OH,16911.0,72.22,44.37
39013,Belmont,OH,7567.0,51.91,8.64
39015,Brown,OH,4650.0,40.8,5.3
39017,Butler,OH,19247.0,20.54,4.77
39023,Clark,OH,24835.0,68.98,20.35
39025,Clermont,OH,8507.0,65.11,10.84
39029,Columbiana,OH,14118.0,44.67,7.05
39031,Coshocton,OH,4060.0,51.4,5.4
39033,Crawford,OH,4004.0,27.8,3.0
39035,Cuyahoga,OH,68607.0,65.41,13.3
39043,Erie,OH,6775.0,85.31,14.2
39045,Fairfield,OH,9681.0,98.51,10.71
39049,Franklin,OH,86952.0,68.77,16.52
39053,Gallia,OH,4067.0,17.9,5.1
39057,Greene,OH,14387.0,56.64,12.16
39059,Guernsey,OH,3744.0,41.4,7.6
39061,Hamilton,OH,75342.0,68.46,17.39
39063,Hancock,OH,5251.0,33.9,4.0
39065,Hardin,OH,6209.0,49.6,9.3
39077,Huron,OH,3947.0,28.9,2.4
39079,Jackson,OH,2822.0,74.1,12.1
39081,Jefferson,OH,3223.0,63.1,10.3
39083,Knox,OH,3613.0,50.9,6.2
39085,Lake,OH,6647.0,72.14,10.81
39087,Lawrence,OH,15892.0,30.59,6.41
39089,Licking,OH,12816.0,46.58,4.62
39091,Logan,OH,3225.0,73.6,11.7
39093,Lorain,OH,25124.0,81.27,13.34
39095,Lucas,OH,16883.0,47.86,11.35
39097,Madison,OH,2658.0,80.4,15.0
39099,Mahoning,OH,63233.0,75.25,23.81
39101,Marion,OH,12001.0,93.47,15.02
39105,Meigs,OH,4342.0,22.8,4.2
39109,Miami,OH,10358.0,48.3,7.07
39113,Montgomery,OH,74161.0,54.98,10.94
39115,Morgan,OH,7588.0,34.51,6.51
39119,Muskingum,OH,8644.0,28.7,4.0
39121,Noble,OH,4020.0,24.0,3.3
39127,Perry,OH,5856.0,18.7,3.2
39129,Pickaway,OH,3665.0,100.0,0.0
39131,Pike,OH,4342.0,41.3,10.0
39133,Portage,OH,13118.0,44.99,8.45
39139,Richland,OH,26355.0,62.03,13.96
39141,Ross,OH,5003.0,19.6,2.3
39145,Scioto,OH,19247.0,37.46,6.33
39149,Shelby,OH,4149.0,38.3,5.7
39151,Stark,OH,21379.0,46.38,10.33
39153,Summit,OH,95286.0,60.14,11.89
39155,Trumbull,OH,16273.0,60.27,15.84
39157,Tuscarawas,OH,2677.0,22.3,3.7
39163,Vinton,OH,4509.0,24.8,3.9
39165,Warren,OH,11878.0,22.29,2.18
39169,Wayne,OH,3758.0,79.9,15.5
39173,Wood,OH,7144.0,19.7,1.0
40001,Adair,OK,8535.0,22.4,5.84
40003,Alfalfa,OK,1621.0,37.8,5.2
40005,Atoka,OK,6622.0,65.38,11.8
40011,Blaine,OK,5164.0,33.7,4.6
40013,Bryan,OK,6828.0,75.6,17.82
40015,Caddo,OK,5530.0,26.66,4.79
40017,Canadian,OK,3291.0,26.9,4.7
40021,Cherokee,OK,9735.0,46.69,11.52
40023,Choctaw,OK,6057.0,83.29,21.35
40027,Cleveland,OK,12926.0,45.99,16.77
40029,Coal,OK,6031.0,87.1,19.77
40031,Comanche,OK,13079.0,78.99,18.15
40037,Creek,OK,2493.0,37.3,7.6
40041,Delaware,OK,10256.0,48.48,12.67
40045,Ellis,OK,1246.0,100.0,12.3
40047,Garfield,OK,5890.0,36.2,6.1
40049,Garvin,OK,6214.0,84.5,14.15
40051,Grady,OK,3307.0,27.1,3.7
40061,Haskell,OK,3329.0,40.4,6.8
40063,Hughes,OK,5545.0,52.62,12.11
40067,Jefferson,OK,1746.0,79.3,18.6
40069,Johnston,OK,10513.0,30.1,6.16
40071,Kay,OK,4232.0,86.4,21.5
40075,Kiowa,OK,3946.0,81.6,17.2
40077,Latimer,OK,2194.0,70.0,15.4
40079,Le Flore,OK,32671.0,34.37,6.24
40087,McClain,OK,1248.0,81.4,18.8
40089,McCurtain,OK,14169.0,46.64,10.56
40091,McIntosh,OK,2959.0,48.07,10.39
40095,Marshall,OK,4261.0,29.1,7.3
40101,Muskogee,OK,10227.0,40.59,9.99
40107,Okfuskee,OK,6012.0,36.51,6.93
40109,Oklahoma,OK,86323.0,60.97,17.02
40113,Osage,OK,4063.0,45.63,7.04
40115,Ottawa,OK,3953.0,34.7,6.0
40119,Payne,OK,14253.0,50.41,15.27
40121,Pittsburg,OK,4417.0,92.87,17.8
40125,Pottawatomie,OK,6845.0,35.01,5.74
40127,Pushmataha,OK,3156.0,17.6,4.8
40133,Seminole,OK,4390.0,28.7,7.4
40141,Tillman,OK,3101.0,70.8,16.08
40143,Tulsa,OK,52549.0,58.28,17.96
40147,Washington,OK,4370.0,100.0,28.01
41001,Baker,OR,7938.0,61.92,8.76
41003,Benton,OR,5424.0,21.4,4.7
41005,Clackamas,OR,3257.0,44.0,5.8
41011,Coos,OR,6107.0,20.3,3.7
41013,Crook,OR,3130.0,32.1,5.5
41015,Curry,OR,3055.0,17.7,2.6
41017,Deschutes,OR,4112.0,12.2,1.3
41019,Douglas,OR,7842.0,48.35,6.75
41023,Grant,OR,7935.0,41.23,6.6
41025,Harney,OR,1988.0,76.9,10.8
41029,Jackson,OR,25554.0,34.68,4.92
41031,Jefferson,OR,2627.0,79.0,24.4
41033,Josephine,OR,23569.0,30.88,5.04
41035,Klamath,OR,13648.0,67.51,13.17
41037,Lake,OR,2358.0,99.3,20.0
41039,Lane,OR,21177.0,41.69,7.15
41043,Linn,OR,16721.0,16.99,2.02
41045,Malheur,OR,11456.0,27.88,5.99
41047,Marion,OR,20157.0,50.07,10.21
41051,Multnomah,OR,40547.0,43.24,7.0
41057,Tillamook,OR,3076.0,73.8,9.4
41059,Umatilla,OR,7005.0,28.28,4.7
41061,Union,OR,5943.0,63.64,11.3
41063,Wallowa,OR,2030.0,78.6,13.0
41065,Wasco,OR,10325.0,68.0,11.06
41067,Washington,OR,6139.0,76.29,11.4
41069,Wheeler,OR,1547.0,100.0,15.6
41071,Yamhill,OR,7156.0,17.7,2.1
42003,Allegheny,PA,56528.0,62.88,11.25
42007,Beaver,PA,23962.0,85.15,18.91
42009,Bedford,PA,9897.0,39.73,3.88
42011,Berks,PA,6982.0,35.91,12.56
42013,Blair,PA,8850.0,43.67,5.34
42017,Bucks,PA,24841.0,55.78,6.11
42019,Butler,PA,4915.0,87.45,35.88
42021,Cambria,PA,14333.0,63.43,7.98
42023,Cameron,PA,2526.0,27.2,3.5
42025,Carbon,PA,9478.0,38.3,5.15
42027,Centre,PA,10094.0,12.29,2.83
42029,Chester,PA,11176.0,92.5,26.2
42033,Clearfield,PA,8095.0,35.03,5.17
42035,Clinton,PA,7278.0,14.0,1.1
42037,Columbia,PA,3904.0,24.0,7.3
42039,Crawford,PA,3328.0,20.7,2.7
42041,Cumberland,PA,14855.0,47.16,7.24
42043,Dauphin,PA,31804.0,94.37,23.69
42045,Delaware,PA,29428.0,85.57,19.81
42049,Erie,PA,18553.0,63.41,16.16
42051,Fayette,PA,27235.0,62.25,14.36
42055,Franklin,PA,10536.0,54.85,11.37
42057,Fulton,PA,5325.0,28.4,3.5
42059,Greene,PA,4877.0,35.2,7.3
42063,Indiana,PA,3746.0,73.3,10.5
42065,Jefferson,PA,2710.0,19.5,4.3
42069,Lackawanna,PA,7695.0,18.69,4.34
42071,Lancaster,PA,5921.0,29.8,8.6
42073,Lawrence,PA,17083.0,81.0,22.21
42075,Lebanon,PA,3034.0,58.3,7.2
42077,Lehigh,PA,8780.0,46.66,6.77
42079,Luzerne,PA,24231.0,59.12,7.75
42081,Lycoming,PA,10523.0,76.45,14.69
42085,Mercer,PA,17102.0,78.83,17.33
42087,Mifflin,PA,7579.0,42.47,9.47
42091,Montgomery,PA,5943.0,66.18,5.11
42093,Montour,PA,4897.0,11.0,1.1
42095,Northampton,PA,10219.0,71.49,18.39
42097,Northumberland,PA,13358.0,67.15,6.72
42099,Perry,PA,2983.0,95.2,17.3
42101,Philadelphia,PA,17651.0,91.3,17.95
42105,Potter,PA,7968.0,41.34,6.57
42107,Schuylkill,PA,13199.0,47.75,3.16
42109,Snyder,PA,3662.0,52.0,5.3
42111,Somerset,PA,6582.0,29.35,5.04
42113,Sullivan,PA,2865.0,64.7,5.9
42115,Susquehanna,PA,4154.0,22.5,2.8
42117,Tioga,PA,2902.0,23.3,2.7
42121,Venango,PA,3575.0,26.1,4.4
42123,Warren,PA,1972.0,48.1,5.8
42125,Washington,PA,15901.0,67.62,10.85
42129,Westmoreland,PA,27173.0,54.37,6.9
42133,York,PA,3017.0,100.0,15.4
44001,Bristol,RI,4247.0,100.0,17.4
44007,Providence,RI,17860.0,69.81,14.87
44009,Washington,RI,4640.0,94.2,22.2
45001,Abbeville,SC,3439.0,88.8,15.4
45003,Aiken,SC,13206.0,45.89,8.67
45007,Anderson,SC,18694.0,40.68,7.58
45009,Bamberg,SC,6394.0,43.5,13.2
45013,Beaufort,SC,5118.0,71.85,6.35
45015,Berkeley,SC,18776.0,34.51,7.54
45019,Charleston,SC,37418.0,61.37,19.18
45021,Cherokee,SC,4500.0,48.4,10.3
45023,Chester,SC,3841.0,41.1,10.0
45025,Chesterfield,SC,10817.0,31.5,7.18
45029,Colleton,SC,13379.0,38.44,9.37
45031,Darlington,SC,12179.0,41.01,12.42
45035,Dorchester,SC,5503.0,20.8,3.8
45039,Fairfield,SC,2217.0,77.2,18.4
45041,Florence,SC,11642.0,78.69,26.16
45045,Greenville,SC,50336.0,55.5,14.27
45047,Greenwood,SC,5756.0,18.0,5.0
45049,Hampton,SC,2394.0,41.7,9.0
45057,Lancaster,SC,5421.0,63.4,7.9
45059,Laurens,SC,5355.0,100.0,20.9
45061,Lee,SC,3774.0,13.3,2.6
45063,Lexington,SC,14244.0,54.85,12.29
45073,Oconee,SC,3798.0,55.8,9.5
45075,Orangeburg,SC,5895.0,18.36,6.78
45077,Pickens,SC,16867.0,53.57,17.59
45079,Richland,SC,61956.0,55.05,13.99
45083,Spartanburg,SC,41439.0,63.24,15.59
45085,Sumter,SC,16652.0,37.06,9.98
45087,Union,SC,2911.0,28.3,10.3
45089,Williamsburg,SC,6374.0,31.54,7.71
45091,York,SC,24161.0,46.39,7.21
46007,Bennett,SD,3571.0,100.0,38.6
46015,Brule,SD,2650.0,75.0,11.5
46017,Buffalo,SD,199.0,75.8,9.4
46019,Butte,SD,2943.0,80.9,12.2
46023,Charles Mix,SD,3031.0,70.6,27.1
46025,Clark,SD,1567.0,100.0,19.7
46031,Corson,SD,3386.0,91.33,40.86
46041,Dewey,SD,3355.0,70.65,21.33
46043,Douglas,SD,3458.0,93.0,13.5
46045,Edmunds,SD,1891.0,100.0,12.5
46049,Faulk,SD,2640.0,99.8,18.0
46053,Gregory,SD,2517.0,61.5,14.9
46063,Harding,SD,1353.0,100.0,21.1
46065,Hughes,SD,236.0,100.0,24.3
46067,Hutchinson,SD,2166.0,78.7,15.9
46069,Hyde,SD,156.0,98.9,27.3
46071,Jackson,SD,2889.0,100.0,37.11
46073,Jerauld,SD,2295.0,100.0,20.6
46081,Lawrence,SD,1446.0,42.3,9.4
46085,Lyman,SD,1333.0,98.2,48.2
46089,McPherson,SD,2904.0,100.0,22.6
46091,Marshall,SD,1061.0,98.0,27.1
46093,Meade,SD,3433.0,65.3,10.6
46095,Mellette,SD,2083.0,100.0,35.8
46099,Minnehaha,SD,11620.0,46.52,8.12
46103,Pennington,SD,6957.0,43.3,10.21
46105,Perkins,SD,3363.0,53.0,9.7
46109,Roberts,SD,2602.0,91.83,21.53
46113,Shannon,SD,12466.0,90.04,47.6
46121,Todd,SD,9050.0,45.8,20.33
46123,Tripp,SD,2691.0,64.7,13.8
46135,Yankton,SD,3177.0,100.0,18.2
46137,Ziebach,SD,1976.0,100.0,47.08
47001,Anderson,TN,6544.0,74.3,13.1
47005,Benton,TN,5852.0,43.67,9.0
47011,Bradley,TN,4923.0,85.93,30.75
47013,Campbell,TN,4943.0,21.9,7.0
47019,Carter,TN,23152.0,30.77,6.0
47021,Cheatham,TN,3450.0,20.0,1.8
47025,Claiborne,TN,3820.0,49.81,12.65
47029,Cocke,TN,10238.0,42.8,9.14
47031,Coffee,TN,4076.0,48.7,16.8
47035,Cumberland,TN,12576.0,22.86,3.41
47037,Davidson,TN,114031.0,59.97,15.73
47045,Dyer,TN,5741.0,53.0,10.5
47051,Franklin,TN,3715.0,21.5,4.8
47059,Greene,TN,9385.0,44.52,9.26
47063,Hamblen,TN,16332.0,19.78,3.05
47065,Hamilton,TN,43304.0,70.46,24.52
47069,Hardeman,TN,3078.0,78.0,17.6
47071,Hardin,TN,5520.0,11.4,1.8
47075,Haywood,TN,2955.0,69.6,15.8
47079,Henry,TN,4051.0,43.2,5.8
47081,Hickman,TN,2177.0,59.9,7.9
47091,Johnson,TN,3855.0,23.9,9.0
47093,Knox,TN,59887.0,66.27,29.62
47099,Lawrence,TN,2375.0,34.3,4.8
47113,Madison,TN,7442.0,47.49,18.4
47125,Montgomery,TN,10414.0,42.35,8.39
47129,Morgan,TN,11183.0,60.78,11.5
47135,Perry,TN,2884.0,50.1,8.8
47137,Pickett,TN,4945.0,33.0,5.3
47143,Rhea,TN,9335.0,31.3,4.5
47145,Roane,TN,4578.0,45.1,8.0
47149,Rutherford,TN,16921.0,13.04,2.54
47151,Scott,TN,2399.0,28.0,8.0
47157,Shelby,TN,168270.0,60.85,18.16
47163,Sullivan,TN,21731.0,69.72,13.98
47165,Sumner,TN,15684.0,26.05,4.41
47167,Tipton,TN,7849.0,39.46,9.43
47177,Warren,TN,4808.0,10.5,1.8
47179,Washington,TN,2767.0,58.9,16.5
47181,Wayne,TN,7509.0,53.76,7.82
47183,Weakley,TN,1523.0,45.4,6.4
47189,Wilson,TN,13066.0,18.96,3.52
48001,Anderson,TX,2353.0,22.6,7.2
48003,Andrews,TX,3519.0,83.2,18.5
48005,Angelina,TX,12369.0,58.56,15.34
48007,Aransas,TX,3646.0,100.0,26.7
48013,Atascosa,TX,5863.0,43.98,13.48
48017,Bailey,TX,6594.0,9.0,1.4
48021,Bastrop,TX,4459.0,14.4,1.9
48025,Bee,TX,17121.0,51.09,13.4
48027,Bell,TX,12740.0,63.21,10.98
48029,Bexar,TX,314782.0,61.36,15.36
48033,Borden,TX,729.0,100.0,14.0
48035,Bosque,TX,4039.0,21.9,3.4
48037,Bowie,TX,14983.0,50.01,13.84
48039,Brazoria,TX,15872.0,62.44,10.47
48041,Brazos,TX,73102.0,62.78,27.44
48043,Brewster,TX,2587.0,53.84,13.26
48045,Briscoe,TX,1790.0,100.0,16.0
48047,Brooks,TX,7976.0,33.57,14.1
48049,Brown,TX,5037.0,45.27,9.75
48053,Burnet,TX,5145.0,100.0,13.4
48055,Caldwell,TX,7524.0,33.91,5.48
48057,Calhoun,TX,7958.0,22.92,4.18
48061,Cameron,TX,85387.0,68.93,26.33
48063,Camp,TX,4734.0,44.8,11.7
48067,Cass,TX,10121.0,30.74,6.6
48073,Cherokee,TX,1626.0,62.5,20.9
48075,Childress,TX,5243.0,18.6,2.8
48079,Cochran,TX,3730.0,21.7,4.5
48081,Coke,TX,1907.0,99.9,14.0
48083,Coleman,TX,3904.0,44.42,6.32
48085,Collin,TX,6510.0,69.6,18.6
48089,Colorado,TX,2234.0,71.3,15.6
48091,Comal,TX,5591.0,15.3,1.8
48093,Comanche,TX,1939.0,70.6,11.3
48099,Coryell,TX,5064.0,41.6,5.5
48101,Cottle,TX,1904.0,99.9,18.4
48113,Dallas,TX,262793.0,55.95,12.96
48115,Dawson,TX,4363.0,16.6,2.6
48117,Deaf Smith,TX,5474.0,77.4,16.9
48125,Dickens,TX,2762.0,18.7,3.0
48127,Dimmit,TX,815.0,97.3,45.5
48131,Duval,TX,3725.0,95.59,30.11
48133,Eastland,TX,4280.0,70.81,11.37
48135,Ector,TX,25538.0,55.73,14.66
48137,Edwards,TX,659.0,83.3,16.4
48139,Ellis,TX,4729.0,25.6,2.5
48141,El Paso,TX,203042.0,61.25,17.15
48143,Erath,TX,3340.0,100.0,24.9
48145,Falls,TX,10268.0,52.63,13.01
48151,Fisher,TX,1904.0,34.6,5.1
48155,Foard,TX,1622.0,100.0,14.3
48157,Fort Bend,TX,11661.0,52.85,14.32
48161,Freestone,TX,5797.0,30.31,5.23
48165,Gaines,TX,5060.0,25.9,5.1
48167,Galveston,TX,26643.0,53.42,13.68
48177,Gonzales,TX,9771.0,46.11,10.86
48179,Gray,TX,1582.0,32.6,8.4
48181,Grayson,TX,4046.0,27.4,4.0
48183,Gregg,TX,16067.0,50.6,11.57
48185,Grimes,TX,2870.0,31.6,4.0
48187,Guadalupe,TX,15490.0,88.45,18.2
48189,Hale,TX,17622.0,56.34,12.93
48191,Hall,TX,1149.0,82.1,23.9
48197,Hardeman,TX,4724.0,25.7,4.9
48199,Hardin,TX,3252.0,88.7,12.2
48201,Harris,TX,440504.0,48.65,12.33
48203,Harrison,TX,5492.0,16.0,2.8
48209,Hays,TX,8439.0,25.25,17.79
48213,Henderson,TX,4677.0,14.9,2.3
48215,Hidalgo,TX,237583.0,59.46,23.83
48219,Hockley,TX,12122.0,56.32,12.77
48221,Hood,TX,4207.0,35.1,3.2
48225,Houston,TX,9556.0,38.98,13.81
48227,Howard,TX,8659.0,41.8,8.25
48229,Hudspeth,TX,3344.0,99.54,35.72
48231,Hunt,TX,17939.0,56.67,13.48
48237,Jack,TX,2604.0,89.5,11.81
48241,Jasper,TX,9638.0,58.9,10.74
48245,Jefferson,TX,28256.0,61.99,22.42
48249,Jim Wells,TX,18026.0,27.51,7.82
48251,Johnson,TX,11150.0,56.01,10.55
48255,Karnes,TX,7412.0,65.7,12.3
48257,Kaufman,TX,4528.0,11.7,1.6
48259,Kendall,TX,5507.0,18.8,2.9
48261,Kenedy,TX,414.0,99.5,15.3
48263,Kent,TX,859.0,97.5,10.0
48265,Kerr,TX,11772.0,58.04,11.86
48269,King,TX,356.0,100.0,20.7
48271,Kinney,TX,3379.0,95.3,22.9
48273,Kleberg,TX,12473.0,59.55,19.64
48277,Lamar,TX,9947.0,30.55,4.06
48283,La Salle,TX,819.0,100.0,38.0
48285,Lavaca,TX,8583.0,34.04,4.14
48289,Leon,TX,6223.0,15.2,2.9
48291,Liberty,TX,13420.0,27.75,6.21
48293,Limestone,TX,3649.0,65.3,17.53
48295,Lipscomb,TX,1240.0,100.0,15.8
48299,Llano,TX,7168.0,53.25,7.76
48303,Lubbock,TX,62412.0,50.01,13.36
48305,Lynn,TX,3606.0,61.68,13.14
48307,McCulloch,TX,1323.0,71.5,16.4
48309,McLennan,TX,50696.0,51.3,16.48
48311,McMullen,TX,851.0,100.0,20.7
48315,Marion,TX,2507.0,23.8,5.3
48323,Maverick,TX,12965.0,54.25,21.47
48325,Medina,TX,4699.0,13.3,2.0
48327,Menard,TX,604.0,61.9,5.5
48329,Midland,TX,8086.0,32.04,7.97
48331,Milam,TX,6916.0,23.2,5.0
48333,Mills,TX,2354.0,57.3,11.6
48335,Mitchell,TX,7754.0,47.6,4.8
48343,Morris,TX,2533.0,27.6,5.9
48347,Nacogdoches,TX,19694.0,38.74,11.57
48351,Newton,TX,11441.0,27.05,5.1
48353,Nolan,TX,5477.0,50.18,14.65
48355,Nueces,TX,29469.0,57.21,20.02
48363,Palo Pinto,TX,5223.0,38.46,8.14
48365,Panola,TX,4653.0,62.4,9.3
48369,Parmer,TX,5261.0,14.2,2.3
48371,Pecos,TX,6430.0,28.2,6.0
48373,Polk,TX,4318.0,27.4,5.9
48375,Potter,TX,27951.0,72.12,21.21
48381,Randall,TX,3885.0,45.8,8.8
48385,Real,TX,3047.0,100.0,21.2
48387,Red River,TX,3706.0,61.31,9.61
48389,Reeves,TX,10595.0,51.03,15.65
48391,Refugio,TX,1098.0,66.6,13.9
48399,Runnels,TX,4772.0,55.52,12.91
48401,Rusk,TX,10015.0,54.37,10.82
48403,Sabine,TX,4753.0,22.4,3.8
48405,San Augustine,TX,5814.0,35.12,5.74
48409,San Patricio,TX,21961.0,20.39,4.08
48411,San Saba,TX,2824.0,26.7,3.7
48415,Scurry,TX,4717.0,13.1,2.8
48419,Shelby,TX,9899.0,42.81,8.49
48423,Smith,TX,15467.0,40.02,10.77
48427,Starr,TX,14717.0,78.22,32.47
48437,Swisher,TX,1545.0,87.6,14.5
48439,Tarrant,TX,173851.0,51.8,12.59
48441,Taylor,TX,19142.0,59.39,11.08
48443,Terrell,TX,1081.0,100.0,25.2
48445,Terry,TX,2761.0,54.1,10.2
48447,Throckmorton,TX,1850.0,100.0,13.5
48449,Titus,TX,10313.0,28.21,6.43
48451,Tom Green,TX,22987.0,53.18,9.64
48453,Travis,TX,126421.0,51.5,10.19
48455,Trinity,TX,2616.0,61.2,10.9
48457,Tyler,TX,8224.0,68.82,12.38
48463,Uvalde,TX,23007.0,37.9,8.57
48465,Val Verde,TX,11346.0,49.5,16.54
48467,Van Zandt,TX,3412.0,28.8,4.9
48469,Victoria,TX,12210.0,71.23,13.89
48471,Walker,TX,9991.0,36.42,19.47
48473,Waller,TX,2763.0,100.0,46.2
48475,Ward,TX,4377.0,23.3,5.6
48479,Webb,TX,47125.0,31.79,9.65
48485,Wichita,TX,24780.0,51.15,12.18
48489,Willacy,TX,2858.0,26.0,9.5
48491,Williamson,TX,9789.0,57.97,8.3
48495,Winkler,TX,3498.0,34.4,6.0
48499,Wood,TX,4531.0,13.0,2.9
48501,Yoakum,TX,5275.0,37.2,5.8
48503,Young,TX,4611.0,11.3,1.7
48505,Zapata,TX,1037.0,94.0,46.9
48507,Zavala,TX,9509.0,38.61,15.99
49001,Beaver,UT,2691.0,32.3,2.9
49005,Cache,UT,2404.0,21.2,1.7
49007,Carbon,UT,8797.0,37.91,5.74
49013,Duchesne,UT,7948.0,43.42,5.88
49015,Emery,UT,986.0,100.0,13.5
49017,Garfield,UT,1325.0,100.0,10.4
49019,Grand,UT,4355.0,33.8,5.1
49021,Iron,UT,6955.0,29.67,7.62
49025,Kane,UT,2109.0,98.8,12.4
49027,Millard,UT,4439.0,22.4,3.4
49031,Piute,UT,1435.0,100.0,16.2
49035,Salt Lake,UT,58279.0,48.86,8.22
49037,San Juan,UT,14413.0,55.01,23.43
49039,Sanpete,UT,3188.0,35.9,4.6
49047,Uintah,UT,4149.0,18.6,5.8
49049,Utah,UT,30635.0,53.92,25.96
49051,Wasatch,UT,33.0,100.0,15.6
49053,Washington,UT,21748.0,54.55,8.48
49055,Wayne,UT,2509.0,100.0,15.4
49057,Weber,UT,32795.0,71.07,18.0
50003,Bennington,VT,5318.0,64.9,13.3
50007,Chittenden,VT,7658.0,48.46,11.44
50009,Essex,VT,1260.0,100.0,19.2
50011,Franklin,VT,7089.0,66.54,9.73
50019,Orleans,VT,12800.0,33.74,4.97
51003,Albemarle,VA,738.0,35.2,16.0
51009,Amherst,VA,4778.0,39.58,6.32
51017,Bath,VA,5048.0,58.6,4.3
51021,Bland,VA,4022.0,44.0,7.3
51023,Botetourt,VA,3415.0,30.5,2.4
51025,Brunswick,VA,3758.0,42.4,6.8
51029,Buckingham,VA,15623.0,10.78,2.38
51031,Campbell,VA,3433.0,22.5,2.0
51033,Caroline,VA,3243.0,25.6,2.5
51035,Carroll,VA,4769.0,25.7,1.8
51037,Charlotte,VA,12472.0,31.6,5.71
51041,Chesterfield,VA,6592.0,77.3,13.41
51045,Craig,VA,5091.0,14.4,1.3
51049,Cumberland,VA,5740.0,19.6,2.9
51053,Dinwiddie,VA,5366.0,43.6,3.6
51059,Fairfax,VA,3059.0,38.1,3.8
51063,Floyd,VA,13874.0,28.11,3.23
51067,Franklin,VA,8918.0,44.7,4.46
51077,Grayson,VA,10087.0,29.61,4.13
51083,Halifax,VA,15666.0,38.75,6.37
51085,Hanover,VA,7520.0,33.5,2.46
51087,Henrico,VA,14400.0,38.08,2.65
51089,Henry,VA,13468.0,50.4,4.77
51091,Highland,VA,2536.0,100.0,12.6
51097,King and Queen,VA,3788.0,17.5,2.2
51117,Mecklenburg,VA,3604.0,34.2,3.2
51121,Montgomery,VA,6980.0,27.0,6.6
51135,Nottoway,VA,9638.0,57.8,9.38
51143,Pittsylvania,VA,14377.0,24.81,3.47
51147,Prince Edward,VA,14495.0,12.07,2.54
51149,Prince George,VA,7342.0,46.1,3.5
51153,Prince William,VA,10154.0,72.23,9.17
51161,Roanoke,VA,7782.0,21.9,3.1
51163,Rockbridge,VA,20808.0,19.68,1.76
51165,Rockingham,VA,3075.0,31.7,2.1
51169,Scott,VA,3881.0,30.7,5.1
51175,Southampton,VA,6418.0,33.37,4.73
51177,Spotsylvania,VA,16577.0,16.55,1.8
51179,Stafford,VA,4909.0,37.4,3.0
51181,Surry,VA,6829.0,22.6,2.54
51183,Sussex,VA,7425.0,44.68,9.0
51185,Tazewell,VA,3343.0,90.4,18.5
51187,Warren,VA,8563.0,45.38,6.46
51191,Washington,VA,6949.0,11.0,0.9
51515,Bedford City,VA,6299.0,9.5,1.7
51520,Bristol,VA,13382.0,54.73,9.76
51550,Chesapeake,VA,6702.0,55.24,11.09
51570,Colonial Heights,VA,2624.0,82.3,5.8
51580,Covington,VA,6303.0,39.54,4.63
51590,Danville,VA,18829.0,27.02,6.3
51620,Franklin City,VA,3820.0,86.1,31.1
51630,Fredericksburg,VA,12000.0,37.62,6.0
51640,Galax,VA,6837.0,29.4,6.0
51650,Hampton,VA,34988.0,37.14,7.24
51660,Harrisonburg,VA,7075.0,17.4,2.5
51670,Hopewell,VA,7206.0,18.55,3.39
51678,Lexington,VA,6867.0,18.2,2.2
51680,Lynchburg,VA,24373.0,43.5,11.21
51685,Manassas Park,VA,5301.0,34.0,2.1
51690,Martinsville,VA,5720.0,60.89,16.99
51700,Newport News,VA,56787.0,30.56,3.83
51710,Norfolk,VA,63087.0,53.84,13.4
51730,Petersburg,VA,20592.0,53.83,13.31
51740,Portsmouth,VA,9918.0,20.18,1.8
51750,Radford,VA,9519.0,14.0,6.9
51760,Richmond City,VA,46687.0,49.93,10.81
51770,Roanoke City,VA,55553.0,50.15,11.01
51775,Salem,VA,10321.0,28.54,2.16
51800,Suffolk,VA,8411.0,62.78,17.45
51810,Virginia Beach,VA,42470.0,47.01,4.79
51830,Williamsburg,VA,2313.0,26.8,6.2
53001,Adams,WA,1895.0,88.2,10.6
53003,Asotin,WA,3190.0,15.7,1.3
53005,Benton,WA,10864.0,25.3,3.44
53007,Chelan,WA,8217.0,66.3,12.3
53009,Clallam,WA,12848.0,72.14,10.81
53011,Clark,WA,17144.0,49.45,10.2
53015,Cowlitz,WA,4509.0,13.3,5.2
53017,Douglas,WA,9841.0,41.87,7.46
53019,Ferry,WA,4416.0,73.71,16.19
53021,Franklin,WA,6810.0,41.1,10.8
53023,Garfield,WA,2397.0,99.13,14.11
53025,Grant,WA,36086.0,47.95,8.45
53027,Grays Harbor,WA,10652.0,34.84,6.73
53029,Island,WA,15148.0,87.04,7.74
53031,Jefferson,WA,2895.0,59.87,9.41
53033,King,WA,86886.0,39.68,5.37
53035,Kitsap,WA,11078.0,41.74,6.27
53037,Kittitas,WA,5929.0,52.5,34.3
53039,Klickitat,WA,19161.0,18.15,3.27
53041,Lewis,WA,18360.0,52.88,8.66
53043,Lincoln,WA,8439.0,78.93,10.46
53045,Mason,WA,9818.0,69.82,8.47
53047,Okanogan,WA,10475.0,22.66,4.65
53049,Pacific,WA,1317.0,70.8,13.1
53051,Pend Oreille,WA,2470.0,60.0,10.4
53053,Pierce,WA,44228.0,53.79,15.46
53057,Skagit,WA,10761.0,30.9,3.84
53061,Snohomish,WA,44855.0,35.03,5.06
53063,Spokane,WA,52444.0,42.25,6.46
53065,Stevens,WA,17342.0,51.32,11.54
53067,Thurston,WA,4561.0,84.9,7.9
53071,Walla Walla,WA,10108.0,39.16,8.16
53073,Whatcom,WA,6410.0,12.2,2.0
53075,Whitman,WA,10315.0,72.99,11.56
53077,Yakima,WA,43173.0,23.18,4.89
54001,Barbour,WV,3467.0,23.8,6.7
54003,Berkeley,WV,21019.0,75.46,8.55
54007,Braxton,WV,5408.0,42.5,10.4
54011,Cabell,WV,2647.0,100.0,76.5
54013,Calhoun,WV,3973.0,44.8,10.2
54015,Clay,WV,3618.0,25.9,8.0
54019,Fayette,WV,8182.0,37.4,9.9
54021,Gilmer,WV,4897.0,13.0,2.5
54023,Grant,WV,3286.0,47.2,9.0
54025,Greenbrier,WV,4137.0,25.5,7.2
54033,Harrison,WV,5870.0,35.34,8.72
54039,Kanawha,WV,13820.0,81.5,20.78
54049,Marion,WV,6506.0,42.21,10.65
54051,Marshall,WV,3522.0,76.01,15.6
54053,Mason,WV,6750.0,20.1,5.1
54055,Mercer,WV,7684.0,17.61,3.55
54059,Mingo,WV,4281.0,12.6,4.7
54061,Monongalia,WV,12334.0,50.81,15.1
54069,Ohio,WV,1596.0,100.0,34.39
54077,Preston,WV,7037.0,28.03,6.15
54081,Raleigh,WV,12262.0,58.95,13.12
54083,Randolph,WV,4461.0,18.7,4.4
54087,Roane,WV,4145.0,26.6,7.5
54097,Upshur,WV,4155.0,36.1,9.1
54103,Wetzel,WV,4406.0,56.2,12.7
55001,Adams,WI,7989.0,20.51,2.3
55003,Ashland,WI,9198.0,55.91,6.3
55007,Bayfield,WI,6383.0,39.78,4.9
55009,Brown,WI,24628.0,45.04,9.47
55013,Burnett,WI,6011.0,24.51,2.38
55019,Clark,WI,8015.0,19.24,2.42
55023,Crawford,WI,2991.0,56.4,9.0
55025,Dane,WI,26113.0,40.76,9.37
55035,Eau Claire,WI,5401.0,73.8,15.1
55037,Florence,WI,2096.0,24.8,2.9
55041,Forest,WI,1444.0,41.5,4.9
55043,Grant,WI,6974.0,35.5,5.58
55049,Iowa,WI,3223.0,22.6,1.9
55053,Jackson,WI,3897.0,14.0,1.4
55057,Juneau,WI,4361.0,67.7,7.8
55059,Kenosha,WI,9156.0,70.41,8.09
55063,La Crosse,WI,5109.0,82.0,18.2
55067,Langlade,WI,14082.0,41.24,4.11
55071,Manitowoc,WI,5581.0,33.2,4.1
55073,Marathon,WI,4832.0,100.0,15.7
55075,Marinette,WI,7984.0,54.87,5.27
55078,Menominee,WI,4562.0,31.5,9.7
55079,Milwaukee,WI,62145.0,72.37,20.49
55081,Monroe,WI,4113.0,26.0,5.2
55083,Oconto,WI,5249.0,37.13,3.54
55085,Oneida,WI,5399.0,15.0,1.0
55087,Outagamie,WI,3267.0,26.2,4.1
55093,Pierce,WI,6559.0,54.46,3.99
55097,Portage,WI,6930.0,27.5,5.4
55099,Price,WI,5337.0,75.32,7.52
55101,Racine,WI,24318.0,59.53,12.2
55103,Richland,WI,2890.0,47.4,6.4
55105,Rock,WI,17468.0,71.73,10.63
55107,Rusk,WI,10960.0,42.1,4.89
55113,Sawyer,WI,7123.0,64.06,7.38
55115,Shawano,WI,3974.0,36.1,3.7
55119,Taylor,WI,2959.0,67.9,10.5
55123,Vernon,WI,12086.0,38.65,6.19
55125,Vilas,WI,4311.0,44.5,3.5
55127,Walworth,WI,9632.0,39.0,13.3
55129,Washburn,WI,8015.0,30.59,2.97
55133,Waukesha,WI,1859.0,100.0,20.7
55139,Winnebago,WI,23358.0,75.83,18.22
56001,Albany,WY,6688.0,93.3,20.03
56013,Fremont,WY,10937.0,22.34,4.08
56015,Goshen,WY,2900.0,59.4,10.7
56021,Laramie,WY,8250.0,71.11,6.86
56025,Natrona,WY,3692.0,70.3,21.6
56027,Niobrara,WY,2407.0,24.2,3.7
